Year,SurveyID,Presence,sLatitude,sLongitude
2023,102001,0,47D-27M-56.38S,124D-16M-54.81S
2023,102002,0,38D- 9M-20.55S,105D-30M-24.85S
2023,102003,0,40D-16M-14.50S,107D-51M-26.20S
2023,102004,1,41D-29M-49.86S,107D-54M-40.44S
2023,102005,1,39D- 9M-14.51S,106D-25M-18.98S
2023,102006,1,64D-30M-39.65S,157D- 0M-51.34S
2023,102007,1,29D-10M-53.57S,103D-37M-31.77S
2023,102008,1,41D-44M-39.16S,100D-45M-35.21S
2023,102009,0,65D- 5M-51.41S,150D-18M-35.25S
2023,102010,1,38D-51M-19.40S,120D-27M-17.50S
2023,102011,1,46D-36M-54.66S,120D-32M-12.73S
2023,102012,0,30D-41M-43.97S,97D-45M-23.55S
2023,102013,0,43D-32M-26.28S,73D-46M-38.10S
2023,102014,0,31D-17M-39.41S,84D-25M-59.20S
2023,102015,0,45D-38M-26.53S,92D-15M-18.39S
2023,102016,0,49D-15M- 0.55S,119D-31M- 0.90S
2023,102017,0,60D-33M-19.74S,137D- 8M-46.14S
2023,102018,0,41D- 3M-36.13S,87D-26M- 6.66S
2023,102019,0,43D-13M-59.60S,113D-47M-58.80S
2023,102020,0,49D-46M-40.89S,93D-57M- 4.20S
2023,102021,1,35D-34M-11.90S,92D-12M-56.62S
2023,102022,0,48D-51M-14.73S,121D-53M-47.94S
2023,102023,0,42D-26M-7.72S,71D-26M-45.73S
2023,102024,1,48D-23M-35.48S,90D-4M-35.56S
2023,102025,0,46D-23M-41.94S,86D-24M-18.66S
2023,102026,1,39D-20M-13.64S,87D-47M-46.75S
2023,102027,1,50D-27M-46.43S,64D-4M-58.49S
2023,102028,0,40D-45M-38.69S,105D-28M-38.62S
2023,102029,0,37D-41M-54.96S,102D-18M-18.53S
2023,102030,0,50D-39M-49.26S,115D-51M-9.61S
2023,102031,0,33D-8M-14.5S,87D-6M-59.58S
2023,102032,1,29D-57M-39.06S,104D-2M-54.52S
2023,102033,0,49D-11M-31.76S,117D-10M-57.52S
2023,102034,0,28D-54M-47.74S,95D-37M-4.54S
2023,102035,0,40D-48M-58.13S,72D-38M-23.12S
2023,102036,0,43D-53M-50.04S,103D-38M-54.88S
2023,102037,0,45D-24M-8.8S,120D-11M-16.27S
2023,102038,0,43D-33M-56.94S,112D-52M-42.16S
2023,102039,1,34D-32M-23.26S,78D-4M-26.89S
2023,102040,1,37D-6M-22.33S,112D-43M-45.15S
2023,102041,1,34D-31M-52.85S,108D-47M-29.61S
2023,102042,0,63D-25M-58.34S,150D-18M-7.48S
2023,102043,1,45D-57M-42.67S,72D-35M-19.97S
2023,102044,0,39D-13M-20.41S,79D-15M-3.94S
2023,102045,1,46D-9M-12.8S,68D-3M-39.38S
2023,102046,0,37D-22M-0.11S,78D-48M-1.71S
2023,102047,0,29D-22M-45S,99D-9M-4.89S
2023,102048,0,47D-9M-18.74S,70D-36M-12.33S
2023,102049,1,31D-11M-51.91S,91D-29M-4.36S
2023,102050,0,34D-51M-43.17S,119D-18M-21.99S
2023,102051,0,40D-16M-12.54S,74D-43M-41.27S
2023,102052,0,39D-59M-19.19S,107D-40M-12.41S
2023,102053,0,49D-28M-15.34S,83D-56M-32.88S
2023,102054,0,40D-37M-21.25S,123D-39M-32.2S
2023,102055,0,36D-37M-14.93S,79D-15M-27.77S
2023,102056,0,37D-7M-6.6S,75D-58M-17.8S
2023,102057,1,50D-46M-8.46S,122D-12M-16.84S
2023,102058,1,61D-47M-34.63S,150D-4M-49S
2023,102059,0,46D-34M-26.42S,107D-8M-17.36S
2023,102060,0,30D-30M-48.89S,95D-32M-44.56S
2023,102061,0,35D-18M-32.81S,112D-50M-31.97S
2023,102062,0,49D-30M-19.86S,98D-10M-29.77S
2023,102063,1,39D-25M-46.13S,74D-55M-50.87S
2023,102064,1,56D-17M-38.33S,117D-48M-55.02S
2023,102065,0,38D-23M-30.05S,90D-54M-34.53S
2023,102066,0,27D-54M-22.25S,81D-43M-13S
2023,102067,0,38D-15M-5.55S,119D-14M-9.88S
2023,102068,0,25D-41M-51.72S,80D-45M-20.39S
2023,102069,0,53D-48M-46.19S,118D-28M-55.74S
2023,102070,0,44D-18M-27.23S,94D-18M-25.67S
2023,102071,0,36D-24M-18.47S,92D-6M-16.28S
2023,102072,0,48D-37M-52.31S,81D-38M-47.37S
2023,102073,0,29D-48M-49.7S,99D-47M-41.56S
2023,102102,1,49D-27M-4.33S,119D-3M-37.01S
2023,102105,1,31D-11M-18.58S,101D-57M-19.28S
2023,102109,1,55D-31M-11.72S,114D-53M-0.26S
2023,102111,0,38D-33M-47.17S,98D-3M-10.96S
2023,102140,1,38D-46M-47.54S,103D-20M-42.36S
2023,102142,0,37D-1M-22.56S,81D-57M-5.75S
2023,102156,0,50D-8M-38.87S,111D-59M-0.32S
2023,102164,1,40D-23M-6.51S,77D-40M-37.79S
2023,102201,0,46D-36M-59.59S,92D-42M-53.72S
2023,102203,1,51D-31M-43.63S,116D-15M-31.73S
2023,102204,1,43D-45M-29.27S,83D-14M-59.12S
2023,102205,0,40D-39M-31.64S,92D-52M-41.47S
2023,102206,1,33D-48M-27.67S,82D-16M-57.26S
2023,102207,0,43D-46M-11.23S,104D-34M-47.83S
2023,102208,0,40D-4M-50.62S,108D-16M-3.2S
2023,102209,1,54D-30M-28.09S,112D-58M-16.92S
2023,102210,0,38D-23M-55.93S,105D-13M-11.73S
2023,102211,0,48D-3M-28.9S,110D-21M-52.77S
2023,102212,0,38D-39M-22.06S,82D-24M-17.32S
2023,102213,0,38D-27M-16.28S,95D-47M-6.11S
2023,102214,1,44D-55M-58.57S,108D-16M-38.93S
2023,102215,1,37D-6M-54S,104D-34M-43.93S
2023,102216,1,29D-13M-25.13S,81D-46M-8.53S
2023,102217,1,53D-32M-51.31S,104D-10M-59.16S
2023,102218,0,45D-41M-38.12S,62D-9M-36.81S
2023,102306,0,36D-44M-30.93S,76D-1M-28.97S
2023,102750,0,33D-53M-22.22S,98D-58M-22.4S
2023,102751,0,27D-12M-26.41S,99D-13M-12.68S
2023,102752,0,32D-48M-2.01S,87D-46M-26.69S
2023,102753,0,33D-22M-0.96S,98D-55M-27.07S
2023,102900,0,35D-51M-27.92S,114D-20M-55.54S
2023,103001,0,45D-3M-27.45S,78D-30M-28.99S
2023,103002,0,43D-3M-32.48S,91D-52M-14.66S
2023,103003,0,39D-47M-42.92S,93D-8M-21.81S
2023,103004,1,45D-39M-7.7S,88D-49M-17.23S
2023,103005,1,39D-39M-16.9S,77D-34M-41.85S
2023,103006,1,46D-36M-40.39S,69D-30M-18.78S
2023,103007,0,50D-27M-13.43S,96D-44M-26.88S
2023,103008,0,49D-37M-16.45S,96D-12M-37.2S
2023,103009,1,41D-40M-24.64S,77D-10M-31.51S
2023,103010,0,49D-30M-22.7S,104D-45M-46.84S
2023,103011,0,33D-49M-2.48S,87D-9M-34.79S
2023,103012,0,38D-31M-51.78S,78D-22M-48.17S
2023,103013,0,38D-38M-26S,110D-34M-43.7S
2023,103015,0,47D-16M-2.38S,120D-43M-25.74S
2023,103016,1,38D-54M-33.95S,79D-41M-36.4S
2023,103017,0,40D-37M-8.24S,98D-40M-29.2S
2023,103018,0,41D-38M-31.81S,78D-37M-38.8S
2023,103019,1,49D-56M-57.99S,109D-33M-18.53S
2023,103020,0,43D-45M-23.95S,119D-35M-38.46S
2023,103021,1,34D-44M-45.17S,120D-14M-27.16S
2023,103023,0,50D-43M-42.52S,127D-52M-35.1S
2023,103024,0,41D-48M-17.95S,115D-57M-19.36S
2023,103025,0,34D-5M-46.65S,115D-17M-31.56S
2023,103026,1,49D-21M-23.37S,111D-52M-53.71S
2023,103028,1,46D-36M-54.49S,72D-51M-27.6S
2023,103029,0,47D-20M-19.07S,71D-1M-9.38S
2023,103030,0,49D-28M-35.66S,100D-43M-53.6S
2023,103031,0,44D-20M-10.87S,77D-28M-27.32S
2023,103040,0,48D-7M-19.83S,123D-23M-4.53S
2023,103041,0,48D-22M-43.46S,99D-19M-58.05S
2023,103042,1,39D-39M-7.34S,79D-39M-10.61S
2023,103050,1,30D-45M-14.32S,96D-42M-42.24S
2023,103051,0,33D-11M-54.57S,107D-1M-39.54S
2023,103052,1,35D-46M-20.1S,83D-16M-50.69S
2023,103053,0,47D-29M-14.6S,98D-14M-1.34S
2023,103054,0,37D-57M-57.14S,84D-50M-52.76S
2023,103055,0,41D-52M-20.15S,120D-30M-2.42S
2023,103060,0,52D-39M-26.08S,114D-12M-0.59S
2023,103084,0,47D-52M-55.76S,121D-23M-37.37S
2023,103090,1,59D-57M-16.17S,131D-57M-22.85S
2023,103101,0,35D-23M-58.41S,85D-55M-38.39S
2023,103112,0,51D-31M-18.2S,55D-30M-20.29S
2023,103113,0,49D-35M-4.1S,125D-15M-35.02S
2023,103115,0,54D-48M-57.49S,111D-59M-5.95S
2023,103116,0,44D-10M-53.91S,69D-14M-23.47S
2023,103117,1,44D-18M-28.45S,70D-39M-11.5S
2023,103118,1,33D-42M-22.88S,95D-42M-51.02S
2023,103119,0,36D-48M-6.49S,119D-26M-47.03S
2023,103121,1,30D-42M-4.64S,94D-56M-16.85S
2023,103122,0,32D-57M-30.65S,111D-20M-40.27S
2023,103123,0,27D-29M-58.07S,81D-36M-42.08S
2023,103124,0,51D-44M-52.83S,123D-37M-20.33S
2023,103125,0,44D-9M-19.97S,118D-37M-59.53S
2023,103131,1,42D-38M-46.5S,78D-11M-33.11S
2023,103142,0,54D-40M-55.21S,98D-15M-19.08S
2023,103180,0,37D-22M-52.62S,95D-27M-19.5S
2023,103191,1,39D-33M-20.34S,109D-44M-33.38S
2023,103192,0,42D-49M-47.5S,105D-44M-1.91S
2023,103212,1,42D-40M-40.43S,77D-13M-16.69S
2023,103213,0,45D-12M-54.95S,79D-47M-2.41S
2023,103216,0,41D-53M-45.98S,75D-19M-44.45S
2023,103217,1,47D-22M-7.67S,115D-9M-56.62S
2023,103218,1,51D-54M-18.26S,104D-43M-1.82S
2023,103219,0,31D-8M-50.29S,89D-47M-6.31S
2023,103221,0,32D-23M-39.48S,106D-43M-30.99S
2023,103224,0,32D-42M-41.41S,104D-32M-2.96S
2023,103284,1,38D-40M-11.58S,83D-25M-48.25S
2023,103313,0,49D-22M-0.03S,117D-57M-53.88S
2023,103318,0,49D-42M-9.87S,118D-46M-20.5S
2023,103319,0,37D-10M-16.54S,87D-31M-32.87S
2023,103321,0,37D-59M-45.9S,103D-13M-58.71S
2023,103372,0,42D-23M-33.58S,90D-18M-58.2S
2023,103401,0,42D-22M-30.28S,71D-52M-9.39S
2023,103402,0,35D-22M-30.91S,88D-48M-1.3S
2023,103403,0,42D-15M-0.67S,105D-19M-0.24S
2023,103404,1,40D-56M-56.47S,84D-11M-42.2S
2023,103405,1,48D-46M-19.4S,95D-32M-8.88S
2023,103406,1,53D-8M-23.66S,131D-48M-33.55S
2023,103407,0,50D-23M-30.8S,117D-0M-48.48S
2023,103408,0,36D-41M-34.7S,82D-51M-49.98S
2023,103409,1,48D-28M-4.86S,97D-29M-3.17S
2023,103410,0,42D-28M-36.04S,109D-17M-44.22S
2023,103411,0,49D-58M-30.38S,92D-24M-13.8S
2023,103412,0,31D-22M-41.3S,87D-43M-33.68S
2023,103413,0,39D-23M-0.91S,90D-50M-39.01S
2023,103414,0,42D-30M-46.74S,77D-51M-29.24S
2023,103415,0,44D-29M-15.68S,122D-12M-14.01S
2023,103416,1,39D-46M-29.65S,76D-28M-3.32S
2023,103417,0,33D-33M-27.56S,97D-16M-53.51S
2023,103418,0,49D-4M-42.44S,112D-27M-18.88S
2023,103419,0,59D-47M-23.95S,136D-35M-59S
2023,103420,0,45D-1M-34.61S,95D-25M-37.19S
2023,103421,0,33D-34M-46.8S,105D-49M-32.91S
2023,103422,1,49D-15M-56.51S,55D-23M-9.1S
2023,103423,1,29D-34M-6.55S,104D-23M-55.34S
2023,103424,1,31D-59M-49.7S,109D-12M-26.53S
2023,103425,0,33D-59M-4.99S,78D-22M-32.88S
2023,103426,0,44D-39M-17.51S,93D-20M-10.94S
2023,103427,1,37D-10M-6.01S,102D-17M-38.23S
2023,103428,1,39D-54M-2.68S,109D-10M-50.59S
2023,103429,0,49D-46M-58.75S,113D-6M-39.21S
2023,103430,0,28D-17M-12.62S,98D-19M-3.54S
2023,103431,1,38D-58M-47.86S,76D-39M-40.31S
2023,103432,0,46D-31M-36.5S,105D-7M-41.34S
2023,103433,0,47D-25M-3.96S,95D-36M-17.53S
2023,103434,0,29D-7M-6.55S,95D-13M-18.44S
2023,103435,0,43D-12M-42.45S,73D-18M-0.3S
2023,103436,1,44D-42M-25.55S,73D-45M-30.19S
2023,103437,1,36D-52M-57.2S,92D-32M-43.53S
2023,103438,0,42D-37M-47.55S,71D-6M-46.64S
2023,103439,1,43D-58M-45.44S,80D-53M-55.98S
2023,103440,0,39D-59M-5.45S,77D-14M-7.25S
2023,103442,0,56D-34M-53.99S,132D-46M-26.18S
2023,103760,0,30D-18M-11.75S,87D-44M-5.69S
2023,103811,0,47D-35M-22.59S,57D-35M-13.56S
2023,103812,0,46D-34M-41.25S,73D-45M-55.27S
2023,103816,0,44D-48M-19.65S,67D-42M-22.51S
2023,103817,0,33D-37M-24.85S,117D-22M-10.35S
2023,103821,0,37D-23M-5.35S,103D-30M-19.54S
2023,103822,1,48D-24M-27.86S,100D-39M-37.4S
2023,103824,1,44D-29M-17.63S,121D-45M-33.27S
2023,103825,0,41D-26M-47.96S,76D-14M-24.9S
2023,103832,0,40D-36M-32.82S,122D-24M-25.27S
2023,103850,0,40D-9M-16.98S,75D-28M-36.79S
2023,103851,1,41D-27M-16.62S,118D-47M-51.5S
2023,103880,1,48D-29M-17.15S,121D-14M-19.57S
2023,103881,0,35D-47M-25.11S,82D-41M-59.2S
2023,103882,1,41D-39M-35.9S,89D-1M-59.52S
2023,103883,0,53D-51M-15.06S,102D-55M-46.6S
2023,103884,0,42D-38M-24.53S,81D-24M-50.05S
2023,103891,1,34D-33M-4.99S,86D-45M-56.9S
2023,103892,0,38D-29M-48.09S,90D-57M-49.24S
2023,103901,1,35D-26M-55.01S,119D-17M-21.02S
2023,103902,0,43D-4M-18.87S,72D-12M-43.66S
2023,103903,0,48D-16M-42.66S,84D-53M-23.65S
2023,103905,0,40D-35M-5.12S,77D-24M-47.89S
2023,103906,0,48D-2M-5.91S,71D-38M-57.02S
2023,104001,0,50D-55M-11.54S,108D-4M-19.23S
2023,104002,0,46D-3M-53.39S,113D-49M-22.46S
2023,104003,0,41D-6M-13.55S,85D-49M-0.61S
2023,104004,1,40D-35M-6.5S,83D-3M-32.19S
2023,104005,0,45D-49M-4.18S,102D-48M-18.89S
2023,104006,1,35D-12M-42.65S,80D-17M-13.9S
2023,104007,0,44D-44M-25.1S,79D-22M-37.89S
2023,104008,1,45D-51M-25.66S,66D-8M-28.5S
2023,104009,0,36D-32M-10.64S,119D-48M-46.38S
2023,104010,0,45D-1M-7S,69D-23M-53.27S
2023,104011,1,34D-52M-2.02S,86D-14M-56.25S
2023,104012,0,40D-51M-40.06S,109D-16M-2.83S
2023,104013,0,47D-31M-50.34S,110D-54M-15.96S
2023,104014,0,34D-30M-10.43S,117D-55M-34.63S
2023,104015,0,43D-5M-40.42S,78D-51M-56.78S
2023,104016,0,41D-23M-53.63S,84D-8M-27.73S
2023,104017,1,44D-38M-0.79S,74D-30M-32.84S
2023,104018,1,44D-38M-22.03S,92D-27M-45.25S
2023,104019,0,34D-30M-11.51S,99D-53M-54.4S
2023,104020,1,37D-37M-22.73S,121D-45M-30.3S
2023,104021,1,29D-33M-22.34S,92D-18M-53.37S
2023,104022,0,51D-50M-7.53S,114D-28M-53.3S
2023,104023,0,43D-30M-35.1S,88D-55M-14.74S
2023,104024,0,30D-38M-55.85S,82D-42M-38.19S
2023,104025,0,33D-12M-54.12S,116D-49M-51.57S
2023,104026,1,62D-16M-37.27S,133D-19M-25.56S
2023,104027,0,36D-2M-1.71S,77D-49M-4.61S
2023,104028,0,42D-23M-32.69S,73D-41M-29.01S
2023,104029,1,43D-36M-13.82S,75D-1M-24.41S
2023,104030,1,62D-3M-22.94S,163D-30M-20.25S
2023,104031,1,42D-12M-53.98S,97D-9M-40.12S
2023,104032,0,40D-25M-38.54S,123D-58M-2.39S
2023,104033,1,35D-51M-29.9S,114D-40M-0.17S
2023,104034,0,44D-34M-19.73S,72D-20M-23.92S
2023,104036,0,39D-5M-0.4S,86D-21M-48S
2023,104037,0,30D-17M-17.83S,98D-7M-26.26S
2023,104038,1,44D-40M-5.61S,76D-31M-45.55S
2023,104039,0,45D-46M-3.16S,123D-19M-24.38S
2023,104040,0,42D-13M-36.23S,92D-31M-22.03S
2023,104041,0,35D-55M-6.38S,84D-9M-30.67S
2023,104042,1,67D-28M-42.51S,134D-43M-50.76S
2023,104044,0,45D-39M-18.88S,87D-27M-30.21S
2023,104045,1,46D-28M-53.67S,85D-4M-6.38S
2023,104048,1,51D-15M-34.01S,100D-33M-9.6S
2023,104049,1,38D-40M-24.44S,89D-46M-6.5S
2023,104050,1,41D-8M-35.92S,107D-40M-2.49S
2023,104051,0,44D-19M-43.24S,73D-2M-55.04S
2023,104052,0,48D-26M-55.74S,70D-30M-58.12S
2023,104053,0,37D-14M-35.03S,82D-30M-24.07S
2023,104054,0,47D-1M-29.35S,123D-39M-52.2S
2023,104055,1,39D-18M-26.6S,119D-16M-22.51S
2023,104057,1,30D-40M-25.56S,97D-55M-46.12S
2023,104061,1,35D-16M-25.71S,108D-7M-45.97S
2023,104062,1,35D-45M-57.48S,83D-40M-53.86S
2023,104063,0,46D-28M-42.77S,82D-17M-45.4S
2023,104064,0,43D-40M-10.18S,117D-4M-19.82S
2023,104065,1,46D-35M-50.74S,119D-23M-54.58S
2023,104077,0,52D-26M-15.35S,110D-43M-40.43S
2023,104078,0,44D-30M-58.36S,63D-45M-55.76S
2023,104096,1,46D-1M-48.95S,71D-8M-20.24S
2023,104101,0,42D-3M-13S,120D-9M-26.67S
2023,104102,1,49D-37M-54.8S,112D-9M-8.36S
2023,104103,1,35D-43M-10.66S,114D-42M-17.21S
2023,104104,1,46D-9M-42.74S,123D-39M-41.77S
2023,104105,0,37D-41M-9.67S,122D-28M-3.49S
2023,104106,0,42D-14M-40.94S,107D-56M-23.88S
2023,104107,1,49D-56M-58.49S,102D-24M-57.11S
2023,104108,1,51D-2M-27.49S,103D-21M-46.72S
2023,104109,1,59D-18M-18.65S,161D-0M-53.74S
2023,104110,1,35D-9M-24.22S,87D-42M-58.44S
2023,104111,0,38D-19M-36.95S,99D-14M-14.43S
2023,104112,0,49D-56M-47.52S,110D-47M-18.94S
2023,104113,0,52D-54M-18.78S,99D-11M-2.2S
2023,104114,0,33D-38M-39.76S,84D-13M-53.63S
2023,104115,0,44D-15M-44.22S,85D-45M-0.28S
2023,104116,0,46D-14M-28.79S,63D-31M-39.75S
2023,104118,0,36D-56M-42.4S,94D-45M-56.14S
2023,104119,1,41D-25M-7.74S,72D-9M-52.4S
2023,104120,1,35D-18M-40.19S,85D-12M-48.36S
2023,104121,0,33D-43M-16.05S,81D-22M-31.5S
2023,104122,1,34D-34M-40.48S,80D-26M-19.21S
2023,104123,1,45D-46M-57.66S,122D-52M-6.09S
2023,104125,0,29D-40M-33.95S,102D-41M-57.74S
2023,104126,1,61D-37M-33.69S,149D-50M-5.69S
2023,104127,0,45D-56M-42.25S,116D-11M-0.41S
2023,104128,0,47D-2M-58.24S,115D-47M-59.04S
2023,104129,0,46D-20M-27.96S,84D-49M-20.66S
2023,104130,0,46D-53M-28.43S,114D-47M-55.75S
2023,104131,1,54D-24M-51S,111D-28M-25.26S
2023,104136,0,44D-52M-6.63S,115D-31M-47.03S
2023,104137,0,52D-54M-47.51S,111D-53M-8.81S
2023,104138,0,47D-45M-10.22S,120D-18M-50.73S
2023,104139,0,43D-22M-33.77S,71D-45M-3.4S
2023,104141,1,52D-36M-57.33S,109D-54M-31.41S
2023,104149,0,38D-14M-47.26S,81D-55M-9.51S
2023,104152,1,32D-33M-55.6S,89D-8M-13.31S
2023,104153,0,50D-7M-18.52S,93D-13M-17.44S
2023,104154,0,59D-0M-25.56S,139D-0M-8.53S
2023,104155,0,38D-40M-49.43S,98D-46M-47.79S
2023,104157,0,32D-18M-2.37S,97D-48M-27.91S
2023,104163,0,48D-6M-44.3S,89D-38M-8.37S
2023,104196,0,37D-59M-30.53S,83D-58M-27.56S
2023,104201,1,34D-30M-10.43S,90D-28M-44.11S
2023,104202,1,42D-52M-16.95S,106D-7M-51.05S
2023,104203,0,43D-26M-19.17S,116D-5M-51.58S
2023,104204,0,37D-48M-43.36S,118D-30M-5.42S
2023,104205,0,43D-42M-49.76S,111D-13M-27.48S
2023,104206,0,42D-26M-44.9S,75D-6M-35.82S
2023,104207,0,42D-1M-54.07S,118D-41M-30.33S
2023,104208,1,40D-10M-56.48S,92D-30M-12.94S
2023,104209,0,33D-20M-1.81S,112D-40M-12.13S
2023,104210,1,45D-57M-39.92S,78D-20M-29.09S
2023,104211,0,33D-3M-52.87S,97D-25M-8.64S
2023,104212,0,37D-36M-54.66S,95D-17M-46.36S
2023,104213,0,30D-22M-3.42S,86D-17M-4.3S
2023,104214,0,38D-22M-38.84S,84D-36M-44.15S
2023,104215,1,27D-28M-51.56S,82D-8M-48.05S
2023,104218,0,49D-1M-22.92S,53D-52M-47.89S
2023,104219,1,38D-30M-58.59S,83D-5M-24.35S
2023,104220,1,53D-37M-39.3S,64D-28M-19.27S
2023,104221,0,34D-40M-17.66S,85D-21M-51.56S
2023,104222,0,44D-39M-59.95S,74D-43M-50.47S
2023,104223,0,47D-17M-3.49S,71D-15M-13.88S
2023,104225,0,42D-27M-59.51S,114D-16M-17.06S
2023,104226,1,37D-58M-44.23S,98D-52M-33.17S
2023,104227,0,41D-45M-52.37S,78D-10M-14.1S
2023,104228,1,37D-14M-6.29S,89D-15M-21.11S
2023,104229,0,45D-50M-55.92S,91D-14M-44.92S
2023,104230,0,46D-44M-56.66S,94D-18M-16.34S
2023,104231,0,30D-44M-27.89S,100D-50M-52.68S
2023,104236,0,50D-49M-13.22S,121D-22M-46.38S
2023,104237,1,35D-58M-43.17S,96D-17M-32.5S
2023,104238,1,62D-7M-30.87S,145D-38M-30.66S
2023,104239,0,51D-35M-19.67S,115D-22M-31.03S
2023,104240,0,40D-9M-41.96S,106D-49M-16.68S
2023,104241,1,41D-45M-53.81S,94D-5M-38.52S
2023,104251,1,41D-14M-45.78S,110D-13M-41S
2023,104252,0,43D-54M-3.18S,101D-51M-37S
2023,104253,0,48D-23M-42.4S,76D-20M-46.2S
2023,104254,1,46D-40M-54.78S,89D-29M-15.71S
2023,104255,0,34D-24M-31.21S,97D-27M-52.12S
2023,104301,0,41D-4M-12.64S,77D-17M-40.47S
2023,104302,1,46D-20M-43.48S,84D-47M-4.24S
2023,104303,0,34D-1M-41.82S,79D-51M-56.44S
2023,104304,1,40D-28M-6.79S,78D-8M-51.28S
2023,104307,0,49D-17M-49.01S,101D-18M-14.29S
2023,104308,0,48D-58M-34.91S,94D-59M-42.98S
2023,104309,1,39D-33M-12.12S,122D-4M-42.08S
2023,104310,0,37D-19M-11.58S,106D-48M-25S
2023,104311,1,49D-9M-6.44S,89D-21M-0.95S
2023,104312,1,36D-46M-45.36S,80D-56M-1.73S
2023,104313,0,52D-24M-55.69S,114D-25M-47.86S
2023,104314,1,46D-42M-13.93S,71D-28M-40.12S
2023,104315,1,41D-7M-55.27S,107D-12M-32.95S
2023,104318,0,38D-55M-16.79S,111D-44M-31.25S
2023,104319,0,42D-45M-23.59S,102D-54M-1.07S
2023,104320,0,44D-18M-49.48S,122D-17M-19.83S
2023,104321,1,33D-22M-52.4S,96D-4M-56.13S
2023,104322,1,33D-22M-21.25S,102D-58M-4.31S
2023,104323,1,41D-24M-15.1S,79D-12M-57.74S
2023,104326,1,37D-25M-46.25S,112D-55M-58.34S
2023,104327,0,40D-9M-3.33S,120D-32M-17.05S
2023,104328,0,46D-37M-55.19S,123D-50M-6.69S
2023,104329,1,32D-50M-4.64S,103D-8M-16.59S
2023,104330,0,40D-30M-16.73S,105D-4M-41.89S
2023,104331,1,35D-55M-20.21S,88D-53M-13.04S
2023,104336,0,45D-20M-49.28S,117D-7M-25.53S
2023,104337,1,30D-46M-40.44S,103D-56M-38.4S
2023,104338,0,42D-16M-46.39S,123D-28M-59.93S
2023,104339,0,45D-46M-58.88S,65D-3M-38.92S
2023,104340,0,29D-45M-34.64S,90D-34M-55.61S
2023,104352,0,43D-17M-35.54S,76D-40M-13.88S
2023,104353,0,49D-40M-49.68S,87D-1M-27.56S
2023,104354,0,44D-45M-18.45S,84D-52M-11.36S
2023,104355,0,31D-50M-55.93S,107D-34M-7.38S
2023,104404,1,36D-15M-39.33S,75D-54M-15.17S
2023,104408,0,42D-15M-16.52S,103D-47M-43.64S
2023,104421,0,44D-13M-9.28S,123D-55M-7.52S
2023,104430,0,46D-21M-2.35S,122D-0M-51.86S
2023,104440,0,43D-50M-8.4S,90D-12M-28.23S
2023,104452,0,30D-30M-28.08S,85D-17M-4.89S
2023,104508,0,40D-4M-54.07S,92D-30M-27.67S
2023,104928,1,36D-9M-36.52S,107D-47M-6.28S
2023,106001,0,63D-2M-46.9S,145D-47M-22.6S
2023,106002,0,43D-15M-18.62S,70D-40M-43.28S
2023,106003,0,50D-50M-22.27S,97D-53M-3.1S
2023,106004,1,40D-39M-54.67S,107D-49M-41.82S
2023,106005,0,55D-46M-31.08S,117D-50M-23.14S
2023,106006,1,35D-21M-57.12S,87D-9M-26.47S
2023,106007,1,39D-18M-58.85S,84D-43M-49.27S
2023,106008,0,31D-43M-30.43S,85D-48M-56.39S
2023,106009,0,46D-1M-37.01S,66D-10M-59.42S
2023,106010,1,43D-56M-57.8S,95D-59M-11.81S
2023,106011,0,44D-55M-16.45S,88D-56M-44.08S
2023,106012,0,45D-7M-42.01S,70D-50M-17.72S
2023,106013,0,49D-48M-19.35S,74D-56M-9.07S
2023,106014,0,48D-51M-15.04S,117D-51M-47.46S
2023,106015,0,32D-41M-54.93S,97D-44M-46.13S
2023,106016,1,46D-16M-23.04S,83D-23M-8.69S
2023,106017,0,44D-53M-0.1S,108D-46M-42.59S
2023,106018,0,40D-4M-26.98S,76D-10M-15.72S
2023,106019,0,48D-22M-49.51S,78D-53M-47.03S
2023,106020,0,39D-3M-35.26S,78D-28M-7.58S
2023,106021,1,42D-34M-51.34S,85D-27M-11.2S
2023,106022,1,38D-33M-47.8S,120D-17M-31.84S
2023,106023,1,39D-16M-13.99S,76D-9M-45.59S
2023,106024,1,30D-54M-19.03S,104D-15M-39.99S
2023,106025,0,48D-25M-28.67S,117D-17M-2.02S
2023,106026,0,43D-10M-59.18S,108D-26M-32.36S
2023,106027,0,52D-9M-52.91S,107D-13M-0.22S
2023,106028,1,51D-59M-38.83S,104D-51M-35.84S
2023,106029,0,40D-38M-9.75S,111D-18M-8.98S
2023,106030,1,41D-19M-48.76S,80D-59M-10.48S
2023,106031,0,40D-55M-11.75S,104D-43M-53.49S
2023,106032,1,33D-41M-17.36S,86D-52M-2.03S
2023,106033,1,41D-52M-58.19S,123D-48M-26.15S
2023,106051,0,50D-6M-2.93S,107D-44M-5.12S
2023,106052,0,39D-44M-5.2S,83D-55M-35.45S
2023,106053,0,54D-45M-18.55S,118D-3M-18.1S
2023,106054,0,37D-33M-29.53S,79D-27M-7.75S
2023,106055,1,35D-2M-34.06S,77D-3M-51.18S
2023,106056,0,48D-44M-43.41S,113D-44M-52.92S
2023,106057,0,48D-43M-54.05S,92D-54M-11.92S
2023,106058,1,37D-32M-44.54S,98D-45M-41.87S
2023,106059,1,48D-1M-45.32S,77D-49M-28.72S
2023,106060,0,44D-1M-30.79S,111D-16M-55.46S
2023,106061,0,30D-19M-23.19S,99D-43M-41.23S
2023,106063,1,28D-43M-15.05S,96D-37M-43.03S
2023,106064,0,47D-6M-17.52S,92D-59M-1.97S
2023,106065,1,42D-41M-30.52S,113D-35M-26.58S
2023,106066,0,49D-55M-31.82S,105D-9M-58.44S
2023,106067,0,47D-30M-57.54S,102D-37M-8.56S
2023,106068,1,40D-28M-0.04S,79D-40M-19.75S
2023,106069,1,36D-40M-42.31S,87D-1M-27.25S
2023,106070,0,38D-16M-57.54S,108D-20M-49.23S
2023,106071,1,47D-16M-20.72S,75D-39M-38.91S
2023,106072,1,40D-41M-9.07S,83D-43M-6.55S
2023,106073,1,44D-16M-55.47S,77D-22M-34.43S
2023,106074,0,33D-21M-29.04S,100D-40M-22.19S
2023,106076,0,33D-45M-38.13S,103D-39M-35.73S
2023,106077,0,36D-36M-57.29S,101D-15M-39.4S
2023,106078,0,47D-27M-6.64S,75D-33M-34.96S
2023,106079,0,50D-17M-7.69S,120D-40M-23.37S
2023,106080,0,44D-7M-49.83S,99D-15M-7.1S
2023,106081,0,60D-52M-12.38S,161D-37M-41.86S
2023,106082,0,39D-38M-17.64S,78D-29M-28.98S
2023,106083,0,49D-30M-38.53S,92D-50M-19.49S
2023,106101,0,40D-25M-34.96S,77D-45M-30.38S
2023,106103,1,29D-54M-4.73S,91D-15M-59.58S
2023,106105,0,45D-31M-59.27S,77D-47M-35.56S
2023,106106,1,28D-19M-41.72S,81D-21M-53.87S
2023,106107,0,40D-28M-19.66S,91D-43M-59.4S
2023,106108,0,35D-23M-21.88S,81D-38M-1.33S
2023,106115,0,37D-20M-32.09S,78D-59M-56.98S
2023,106116,1,44D-33M-13.55S,74D-29M-25.15S
2023,106119,0,48D-50M-25.09S,112D-15M-58.59S
2023,106121,1,43D-54M-7.67S,89D-6M-27.51S
2023,106122,0,41D-38M-9.87S,86D-22M-10.65S
2023,106123,0,53D-44M-9.55S,115D-46M-23.71S
2023,106127,0,38D-41M-40.05S,88D-27M-24.2S
2023,106130,0,43D-11M-9.25S,71D-41M-11.38S
2023,106133,1,44D-9M-30.71S,70D-34M-40.42S
2023,106176,0,31D-42M-48.53S,93D-5M-9.96S
2023,106206,1,48D-22M-33.98S,115D-1M-49.3S
2023,106900,0,42D-58M-5.12S,77D-33M-16.55S
2023,106901,0,32D-29M-1.37S,88D-56M-18.8S
2023,107001,0,45D-11M-58.36S,114D-13M-46.81S
2023,107002,1,46D-48M-43.05S,94D-30M-38.19S
2023,107003,1,38D-42M-50.07S,89D-32M-1.74S
2023,107004,1,35D-20M-42.07S,84D-23M-25.23S
2023,107005,0,48D-23M-53.99S,78D-9M-56.61S
2023,107006,0,30D-58M-58.44S,91D-6M-16.96S
2023,107007,0,46D-23M-53.83S,93D-36M-54.58S
2023,107008,0,40D-5M-35.22S,88D-33M-45.55S
2023,107009,0,40D-13M-59.21S,91D-11M-42.81S
2023,107010,0,47D-35M-24.76S,76D-44M-49.25S
2023,107011,0,36D-53M-21.25S,93D-24M-35.43S
2023,107012,0,55D-27M-35.73S,116D-19M-12.81S
2023,107013,1,38D-14M-41.88S,75D-15M-10.46S
2023,107014,0,45D-8M-23.95S,70D-16M-44.09S
2023,107015,1,30D-1M-7.87S,93D-25M-41.02S
2023,107016,1,35D-43M-5.78S,83D-48M-39.69S
2023,107017,0,30D-46M-36.54S,92D-28M-59.03S
2023,107018,0,39D-9M-10.66S,77D-5M-48.25S
2023,107019,0,42D-49M-28.28S,70D-49M-10.56S
2023,107020,0,50D-27M-56.32S,112D-51M-23.23S
2023,107021,0,34D-3M-35.35S,107D-47M-55.82S
2023,107022,0,45D-35M-16.58S,101D-21M-55.52S
2023,107023,0,56D-43M-50.08S,117D-23M-43.95S
2023,107024,0,61D-0M-47.34S,149D-0M-45.01S
2023,107025,1,38D-34M-58.74S,122D-43M-0.61S
2023,107026,1,39D-39M-2.13S,94D-40M-2.09S
2023,107027,0,37D-13M-59S,78D-12M-29.67S
2023,107028,1,44D-6M-18.34S,105D-16M-56.73S
2023,107029,0,52D-6M-38.84S,125D-1M-13.27S
2023,107103,0,40D-2M-35.9S,95D-7M-22.16S
2023,107109,1,37D-37M-32.81S,79D-14M-2.49S
2023,107111,1,40D-28M-58.01S,76D-44M-38.92S
2023,107114,0,52D-17M-43.9S,110D-11M-31.7S
2023,107117,0,54D-59M-55.05S,119D-7M-45.29S
2023,107900,1,42D-52M-12.53S,104D-23M-32.54S
2023,107901,0,37D-26M-3.93S,82D-12M-38.06S
2023,107902,0,53D-7M-54.61S,114D-15M-34.16S
2023,107903,1,38D-47M-18.56S,112D-7M-22.86S
2023,111001,1,56D-15M-19.43S,111D-39M-55.78S
2023,111002,1,46D-30M-44.09S,88D-44M-4.28S
2023,111003,1,44D-59M-19.48S,96D-5M-38.66S
2023,111004,0,47D-51M-7.38S,97D-36M-57.6S
2023,111005,1,62D-54M-5.98S,130D-46M-34.95S
2023,111006,1,34D-38M-34.33S,98D-20M-32.49S
2023,111007,0,48D-45M-22.02S,99D-37M-30.63S
2023,111008,1,44D-53M-30.18S,90D-18M-31.07S
2023,111009,1,50D-34M-44.21S,111D-51M-31.06S
2023,111010,1,46D-14M-27.46S,117D-43M-45.77S
2023,111011,0,42D-35M-27.45S,84D-11M-31.12S
2023,111012,0,53D-36M-30.17S,116D-22M-6.18S
2023,111013,0,39D-54M-51.94S,109D-39M-37.81S
2023,111014,0,45D-1M-15.43S,123D-24M-50.47S
2023,111015,0,39D-11M-20.37S,80D-5M-49.24S
2023,111016,1,41D-35M-49.92S,71D-25M-24.41S
2023,111017,1,44D-58M-21.69S,92D-38M-24.29S
2023,111018,0,40D-53M-44.79S,97D-9M-1.55S
2023,111019,0,44D-7M-5.53S,103D-42M-59.1S
2023,111020,1,35D-50M-23.17S,103D-41M-57.07S
2023,111021,0,35D-5M-44.38S,79D-28M-10.89S
2023,111022,0,41D-53M-53.24S,98D-2M-36.64S
2023,111023,0,25D-58M-11.16S,81D-31M-7.27S
2023,111026,1,44D-30M-31.52S,78D-33M-26.18S
2023,111027,0,39D-6M-33.63S,107D-22M-33.18S
2023,111028,1,46D-14M-39.21S,117D-43M-4.6S
2023,111029,0,35D-43M-38.65S,96D-7M-28.89S
2023,111030,0,44D-30M-26.23S,76D-35M-0.27S
2023,111031,0,66D-33M-45.16S,159D-5M-8.2S
2023,111032,0,35D-14M-51.89S,80D-38M-43.67S
2023,111033,1,32D-28M-45.72S,103D-16M-44.94S
2023,111034,0,39D-42M-44.25S,84D-25M-59.35S
2023,111036,1,53D-33M-38.89S,63D-53M-56.34S
2023,111037,0,36D-19M-28.18S,121D-28M-25.12S
2023,111042,0,39D-54M-5.18S,91D-17M-19.64S
2023,111043,0,39D-43M-47.29S,96D-1M-52.2S
2023,111044,1,43D-24M-12.91S,71D-12M-31.81S
2023,111045,0,52D-2M-19.93S,112D-38M-26.5S
2023,111046,0,30D-36M-16.12S,102D-36M-42.81S
2023,111048,0,41D-25M-52.98S,117D-27M-49.77S
2023,111049,0,37D-50M-56.74S,119D-46M-15.87S
2023,111053,0,45D-8M-49.27S,81D-23M-48.19S
2023,111054,0,46D-53M-6.98S,64D-58M-53.17S
2023,111055,0,37D-12M-47.81S,120D-41M-42.76S
2023,111057,0,37D-6M-10.86S,105D-32M-36.44S
2023,111058,1,54D-37M-55.39S,113D-25M-14.73S
2023,111065,1,38D-50M-43.77S,87D-45M-32.29S
2023,111067,0,40D-13M-38.42S,86D-3M-39.21S
2023,111068,1,45D-23M-56.26S,78D-4M-29.62S
2023,111069,1,41D-44M-8.09S,86D-13M-8.32S
2023,111070,0,43D-7M-32.38S,119D-6M-23.3S
2023,111071,1,41D-20M-25.3S,71D-58M-49.71S
2023,111072,1,42D-35M-39.58S,106D-58M-54.28S
2023,111074,0,63D-27M-26.09S,143D-48M-3.74S
2023,111075,1,41D-52M-36.27S,76D-54M-14.73S
2023,111078,1,33D-49M-58.59S,111D-38M-18.53S
2023,111079,1,33D-43M-28.28S,86D-25M-5.52S
2023,111081,0,48D-58M-30.69S,87D-6M-9.04S
2023,111082,0,32D-44M-18.54S,96D-47M-46.45S
2023,111084,1,40D-2M-11.04S,120D-59M-59.56S
2023,111085,1,38D-24M-10.04S,88D-57M-0.6S
2023,111093,1,45D-0M-23.33S,68D-54M-35.95S
2023,111106,1,41D-43M-10.06S,111D-20M-9.58S
2023,111110,0,53D-4M-59.19S,113D-44M-41.36S
2023,111111,0,45D-51M-56.43S,113D-58M-45.94S
2023,111112,0,46D-48M-43.33S,101D-55M-35.51S
2023,111116,0,38D-5M-53.64S,91D-59M-18.71S
2023,111117,0,42D-38M-1.21S,77D-25M-16.94S
2023,111118,1,27D-17M-23.69S,98D-30M-9.85S
2023,111126,0,50D-35M-30.33S,102D-38M-22.1S
2023,111132,0,59D-13M-4.92S,129D-44M-0.66S
2023,111134,0,39D-30M-9.76S,84D-2M-54.08S
2023,111136,0,33D-38M-27.85S,84D-53M-38.09S
2023,111137,1,34D-3M-35.26S,84D-47M-7.42S
2023,111139,0,36D-55M-12.7S,95D-8M-47.77S
2023,111150,0,46D-44M-40.39S,113D-35M-2.81S
2023,111185,1,39D-35M-29.07S,77D-33M-30.29S
2023,111198,1,44D-41M-0.1S,105D-25M-12.11S
2023,111199,1,44D-9M-26.16S,120D-39M-23.7S
2023,111200,0,43D-10M-23.68S,110D-59M-0.07S
2023,111201,0,44D-25M-56.15S,119D-7M-41.79S
2023,111202,0,37D-26M-15.38S,85D-8M-55.92S
2023,111204,0,49D-43M-25.44S,96D-43M-9.75S
2023,111205,0,33D-53M-39.79S,113D-53M-10.84S
2023,111206,0,44D-32M-36.14S,68D-20M-38.88S
2023,111207,1,41D-38M-33.33S,109D-39M-53.57S
2023,111208,1,51D-24M-12.85S,120D-40M-46.97S
2023,111209,0,35D-7M-28.48S,114D-35M-26.63S
2023,111210,1,26D-15M-20.81S,97D-21M-16.44S
2023,111211,0,47D-2M-5.74S,114D-22M-12.75S
2023,111212,1,31D-8M-15.9S,84D-4M-31.97S
2023,111213,1,34D-52M-11.53S,107D-15M-49.5S
2023,111214,1,39D-1M-35.61S,76D-51M-49.8S
2023,111216,0,43D-43M-6.82S,75D-8M-2.62S
2023,111218,1,50D-17M-46.07S,65D-33M-40.18S
2023,111220,0,33D-53M-53.98S,113D-53M-42.69S
2023,111221,1,46D-44M-14.56S,85D-13M-58.27S
2023,111222,0,39D-55M-9.25S,75D-48M-26.96S
2023,111223,1,37D-47M-18.71S,97D-27M-53.35S
2023,111226,0,45D-47M-36S,74D-4M-57.06S
2023,111228,1,45D-2M-46.29S,119D-53M-5.84S
2023,111229,1,44D-48M-15.74S,85D-21M-30.75S
2023,111230,0,43D-1M-25.55S,72D-24M-10.9S
2023,111232,0,36D-47M-33.76S,102D-15M-22.26S
2023,111233,0,31D-43M-6.17S,92D-10M-43.25S
2023,111234,1,41D-10M-2.98S,88D-11M-19.15S
2023,111235,1,33D-30M-40.49S,116D-49M-5.03S
2023,111237,1,29D-51M-26.18S,93D-10M-34.68S
2023,111244,1,35D-23M-24.92S,111D-42M-16.39S
2023,111245,0,48D-18M-24.72S,117D-47M-31.2S
2023,111248,0,38D-18M-15.52S,75D-34M-30.15S
2023,111254,1,40D-30M-42.36S,74D-56M-41.16S
2023,111255,1,47D-16M-41.24S,100D-34M-55.32S
2023,111256,1,43D-32M-12.95S,80D-32M-42.6S
2023,111265,0,44D-48M-47.33S,109D-4M-26.33S
2023,111267,1,46D-18M-43.38S,91D-4M-38.13S
2023,111270,0,50D-9M-37.76S,93D-59M-43.31S
2023,111271,0,31D-51M-12.93S,85D-11M-34.31S
2023,111282,0,43D-52M-0.93S,112D-32M-15.25S
2023,111311,0,35D-33M-33.89S,89D-22M-28.96S
2023,111339,0,44D-28M-14.56S,109D-16M-22.4S
2023,111401,0,40D-43M-52.56S,106D-27M-54.21S
2023,111402,1,46D-32M-29.47S,123D-26M-56.09S
2023,111407,1,35D-20M-24.09S,84D-13M-59.78S
2023,111408,0,51D-21M-45.06S,109D-20M-56.4S
2023,111409,0,53D-3M-25.68S,121D-58M-39.7S
2023,111412,1,38D-36M-41.6S,108D-40M-13.91S
2023,111413,1,41D-10M-6.98S,78D-4M-31.56S
2023,111414,0,32D-15M-15.47S,104D-41M-17.53S
2023,111419,1,46D-52M-44.71S,119D-21M-19.49S
2023,111420,0,49D-57M-16.7S,91D-36M-49.61S
2023,111422,1,33D-23M-11.26S,103D-35M-43.52S
2023,111423,1,43D-43M-40.02S,74D-47M-16.25S
2023,111426,1,39D-29M-7.34S,84D-58M-13.95S
2023,111430,1,41D-59M-20.28S,79D-8M-0.35S
2023,111514,0,40D-33M-46.62S,120D-41M-3S
2023,111608,0,32D-18M-32.07S,97D-30M-45.86S
2023,111609,0,41D-58M-41.15S,70D-3M-25.42S
2023,111613,1,32D-34M-41.36S,96D-8M-15.15S
2023,111621,0,49D-28M-24.52S,75D-34M-58.24S
2023,111809,0,44D-50M-30.16S,68D-58M-41.02S
2023,111900,0,32D-56M-43.41S,111D-20M-8.58S
2023,114001,1,35D-17M-0.84S,82D-23M-53.39S
2023,114002,0,41D-40M-32.81S,93D-35M-3.89S
2023,114003,0,26D-26M-39.36S,81D-39M-59.17S
2023,114004,0,36D-36M-53.65S,111D-4M-41.91S
2023,114005,0,41D-45M-4.92S,120D-21M-24.18S
2023,114006,0,43D-39M-39.13S,74D-28M-58.17S
2023,114007,1,42D-52M-48.13S,121D-50M-9.13S
2023,114008,1,47D-47M-40.54S,70D-12M-15.67S
2023,114009,0,41D-20M-47.02S,70D-41M-47.85S
2023,114010,1,36D-28M-15.47S,100D-25M-15.03S
2023,114011,0,37D-18M-29.87S,94D-44M-13.2S
2023,114012,0,42D-32M-36.24S,122D-47M-37.22S
2023,114013,0,49D-34M-38.81S,69D-18M-59.18S
2023,114014,0,45D-9M-48.12S,90D-47M-5.34S
2023,114015,0,31D-14M-48.05S,87D-4M-36.13S
2023,114016,0,48D-43M-53S,65D-58M-17.71S
2023,114017,0,38D-49M-17.88S,79D-51M-55.96S
2023,114018,0,37D-8M-18.81S,119D-38M-40.29S
2023,114019,0,53D-35M-59.33S,101D-29M-36.35S
2023,114020,0,53D-18M-35.82S,60D-18M-57.18S
2023,114021,0,35D-43M-34.69S,80D-57M-49.87S
2023,114022,1,44D-2M-1.76S,98D-26M-56.01S
2023,114023,1,33D-47M-53.51S,89D-36M-29.05S
2023,114024,0,39D-32M-8.84S,79D-15M-15.3S
2023,114025,0,44D-3M-35.14S,88D-41M-55.55S
2023,114026,1,45D-17M-48.87S,122D-43M-7.92S
2023,114027,0,49D-36M-33.78S,119D-43M-56.56S
2023,114028,0,39D-43M-40.89S,74D-50M-8.63S
2023,114029,1,32D-53M-1.5S,93D-33M-30.18S
2023,114030,0,40D-40M-1.58S,122D-21M-8.11S
2023,114031,1,38D-24M-42.87S,106D-40M-51.43S
2023,114032,0,37D-15M-22.3S,76D-57M-29.24S
2023,114033,0,51D-18M-23.1S,56D-44M-36.53S
2023,114034,0,34D-21M-37.84S,111D-6M-12.61S
2023,114035,0,43D-30M-34.07S,103D-33M-15.14S
2023,114036,0,40D-39M-55.01S,102D-56M-14.51S
2023,114037,0,62D-1M-50.47S,133D-2M-20.94S
2023,114038,0,48D-47M-52.18S,67D-20M-35.65S
2023,114039,0,36D-25M-49.86S,78D-26M-24.01S
2023,114040,1,41D-23M-47.39S,87D-22M-28.87S
2023,114041,0,37D-14M-9.57S,107D-47M-57.74S
2023,114042,1,36D-17M-10.34S,113D-4M-30.03S
2023,114043,1,42D-16M-10.13S,73D-59M-17.83S
2023,114044,1,43D-38M-23.69S,70D-16M-23.71S
2023,114045,0,49D-45M-42.61S,78D-40M-5.66S
2023,114046,0,49D-13M-55.44S,84D-52M-19.55S
2023,114047,0,40D-39M-50.94S,105D-52M-59.81S
2023,114048,0,46D-44M-18.53S,84D-21M-2.21S
2023,114049,0,47D-45M-26.25S,120D-18M-19.97S
2023,114050,0,50D-29M-12.69S,106D-15M-44.15S
2023,114051,1,43D-14M-38.14S,118D-46M-19.79S
2023,114052,1,33D-9M-28.56S,83D-42M-24.97S
2023,114053,0,34D-16M-54.36S,114D-13M-2.73S
2023,114054,0,33D-46M-35.1S,90D-8M-24.52S
2023,114055,0,43D-57M-12.1S,71D-18M-12.57S
2023,114056,0,46D-18M-47.36S,117D-3M-55.59S
2023,114057,0,46D-43M-30.45S,98D-48M-48.55S
2023,114058,1,42D-12M-15.3S,77D-57M-51.57S
2023,114059,0,31D-55M-43.43S,86D-11M-42.32S
2023,114060,1,43D-32M-5.52S,111D-42M-46.53S
2023,114061,0,43D-59M-53.64S,110D-47M-52.46S
2023,114062,0,51D-37M-33.72S,100D-29M-22.44S
2023,114063,1,43D-8M-42.79S,80D-22M-33.3S
2023,114064,1,38D-10M-50.02S,75D-35M-13.06S
2023,114065,0,65D-18M-25.78S,149D-10M-44.34S
2023,114066,0,53D-8M-54.17S,113D-12M-25.41S
2023,114067,0,46D-49M-32.94S,118D-39M-28.19S
2023,114068,0,44D-44M-19.41S,122D-27M-18.68S
2023,114069,1,35D-59M-40.27S,77D-25M-34.32S
2023,114070,0,36D-49M-51.04S,85D-43M-54.52S
2023,114071,0,43D-12M-38.54S,124D-4M-29.82S
2023,114072,1,47D-43M-16.45S,117D-58M-22.91S
2023,114073,0,30D-15M-7.45S,89D-49M-32.72S
2023,114074,0,44D-24M-55.26S,123D-56M-52.33S
2023,114075,0,49D-45M-31.49S,119D-39M-40.33S
2023,114076,0,38D-13M-53.48S,94D-36M-31.87S
2023,114077,0,38D-21M-41.71S,91D-48M-21.28S
2023,114078,0,38D-46M-56.74S,102D-27M-50.33S
2023,114079,0,45D-22M-6.11S,100D-40M-29.87S
2023,114080,0,33D-47M-5.42S,106D-37M-6.43S
2023,114081,0,41D-27M-24.28S,74D-30M-58.96S
2023,114082,0,35D-6M-5.18S,85D-21M-28.75S
2023,114083,0,32D-56M-33.49S,116D-5M-0.27S
2023,114084,0,32D-9M-11.76S,88D-20M-0.73S
2023,114085,0,42D-47M-38.14S,124D-1M-40.58S
2023,114086,0,52D-33M-53.43S,113D-58M-58.01S
2023,114087,1,66D-17M-54.03S,152D-45M-21.24S
2023,114088,1,27D-53M-38.43S,80D-55M-14.63S
2023,114089,0,43D-37M-52.69S,73D-44M-11.86S
2023,114090,0,45D-16M-26.91S,122D-16M-9.93S
2023,114091,1,44D-35M-19.53S,94D-54M-24.46S
2023,114092,0,41D-29M-53.2S,76D-54M-58.33S
2023,114093,0,46D-17M-19.19S,114D-14M-56.6S
2023,114094,0,38D-13M-26.94S,88D-14M-23.91S
2023,114095,0,39D-10M-25.85S,78D-41M-15.88S
2023,114096,0,32D-22M-3.61S,91D-36M-56.57S
2023,114097,0,47D-56M-31.98S,71D-20M-55.46S
2023,114098,0,55D-52M-7.95S,99D-20M-48.69S
2023,114099,0,39D-41M-57.36S,75D-31M-35.46S
2023,114103,0,41D-36M-55.93S,84D-56M-58.49S
2023,114104,0,27D-45M-42.47S,81D-29M-30.46S
2023,114105,0,32D-53M-43.52S,105D-40M-42.37S
2023,114106,1,44D-13M-43.89S,103D-39M-50.18S
2023,114107,1,42D-53M-24.88S,116D-35M-51.75S
2023,114108,1,51D-41M-49.27S,118D-39M-34.82S
2023,114109,1,28D-6M-55.67S,82D-33M-37.67S
2023,114110,0,40D-44M-3.49S,78D-13M-33.01S
2023,114111,1,26D-52M-29.33S,80D-23M-0.05S
2023,114112,1,44D-8M-42.6S,105D-51M-38.63S
2023,114113,0,37D-59M-8.04S,96D-17M-43.18S
2023,114114,1,41D-18M-30.1S,79D-5M-45.4S
2023,114116,0,38D-44M-33.39S,107D-2M-6.63S
2023,114117,1,39D-47M-48.74S,74D-58M-38.29S
2023,114118,0,42D-53M-48.52S,71D-52M-23.91S
2023,114119,1,41D-32M-25.23S,78D-52M-9.41S
2023,114120,1,32D-27M-44.02S,85D-52M-8.4S
2023,114121,1,44D-46M-26.63S,73D-19M-16.9S
2023,114122,0,46D-24M-57.12S,69D-17M-20.64S
2023,114123,1,42D-58M-7S,93D-50M-4.62S
2023,114124,1,27D-39M-22.95S,99D-34M-10.97S
2023,114125,0,46D-3M-38.55S,119D-58M-27.39S
2023,114126,1,34D-54M-22.28S,83D-24M-22.27S
2023,114128,0,63D-17M-16.86S,147D-38M-18.04S
2023,114129,1,33D-15M-15.87S,94D-3M-6.75S
2023,114130,0,39D-41M-37.29S,85D-28M-57.37S
2023,114131,0,39D-40M-24.6S,110D-37M-52.1S
2023,114132,1,35D-59M-49.35S,79D-30M-8.03S
2023,114133,1,34D-2M-41.03S,82D-5M-29.85S
2023,114134,1,38D-46M-25.08S,76D-15M-14.47S
2023,114135,1,36D-36M-22.3S,90D-44M-21.01S
2023,114136,1,35D-2M-23.65S,76D-55M-38.67S
2023,114137,0,46D-10M-56.22S,60D-21M-51.88S
2023,114138,1,30D-36M-29.16S,103D-23M-34.4S
2023,114139,1,36D-15M-12.81S,75D-54M-12.53S
2023,114140,1,48D-11M-7.74S,57D-43M-29.85S
2023,114141,0,49D-35M-16S,111D-41M-43.92S
2023,114145,1,29D-47M-34.19S,97D-2M-22.24S
2023,114147,0,33D-49M-57.45S,87D-9M-38.39S
2023,114148,1,46D-28M-9.16S,86D-7M-19.97S
2023,114149,0,30D-31M-43.72S,83D-14M-21.54S
2023,114150,0,34D-41M-20.3S,119D-39M-48.5S
2023,114151,1,44D-0M-10.88S,69D-58M-22.79S
2023,114152,0,35D-48M-25.48S,118D-51M-37.1S
2023,114153,0,31D-58M-51.02S,112D-55M-35.59S
2023,114154,0,38D-52M-37.71S,117D-10M-55.37S
2023,114155,0,31D-45M-53.62S,87D-12M-54.49S
2023,114156,1,36D-37M-1.02S,106D-54M-17.72S
2023,114157,0,55D-7M-32.08S,116D-46M-26.27S
2023,114158,1,48D-18M-25.28S,79D-27M-13.76S
2023,114159,0,55D-38M-20.32S,132D-45M-11.13S
2023,114160,0,36D-37M-55.82S,76D-17M-46.68S
2023,114161,0,43D-40M-11.03S,88D-21M-0.86S
2023,114162,0,54D-19M-52.96S,114D-28M-35.38S
2023,114163,0,42D-3M-2.96S,90D-35M-56.66S
2023,114164,1,49D-49M-43.88S,92D-49M-27.33S
2023,114165,1,44D-25M-5.63S,68D-47M-29.43S
2023,114166,1,41D-41M-35.45S,78D-26M-15.29S
2023,114167,0,43D-32M-47.6S,124D-11M-32.04S
2023,114168,0,40D-6M-6.94S,94D-9M-49.59S
2023,114169,1,39D-24M-49.94S,93D-45M-24.28S
2023,114170,0,36D-8M-35.51S,83D-47M-9.17S
2023,114171,0,38D-13M-23.14S,79D-19M-54.14S
2023,114172,0,49D-17M-40.1S,54D-28M-38.57S
2023,114173,0,36D-6M-20.99S,93D-17M-58.74S
2023,114174,0,50D-22M-9.67S,106D-8M-36.98S
2023,114175,1,43D-45M-22.07S,120D-10M-19.87S
2023,114176,1,33D-35M-42.85S,86D-42M-38.77S
2023,114177,1,47D-4M-33.03S,67D-32M-20.83S
2023,114178,1,47D-9M-58.81S,69D-36M-1.38S
2023,114179,0,32D-37M-10.36S,98D-22M-7.98S
2023,114180,0,38D-22M-5.05S,110D-43M-31.05S
2023,114181,0,54D-50M-48.46S,113D-6M-48.84S
2023,114182,1,30D-31M-57.67S,96D-10M-4.19S
2023,114183,0,32D-54M-2.71S,86D-15M-2.88S
2023,114184,1,45D-13M-47.24S,123D-2M-28.83S
2023,114185,0,35D-10M-50.87S,82D-14M-48.43S
2023,114186,0,43D-48M-55.78S,103D-45M-37.47S
2023,114187,0,45D-50M-45.2S,79D-20M-19.84S
2023,114188,1,44D-32M-15.66S,120D-27M-33.49S
2023,114189,0,63D-52M-45.97S,145D-45M-38.13S
2023,114190,1,35D-47M-18.58S,104D-34M-58.35S
2023,114191,1,45D-10M-2.73S,94D-12M-32.11S
2023,114192,1,44D-42M-8.98S,71D-34M-10.54S
2023,114193,1,54D-20M-29.23S,122D-39M-46.37S
2023,114194,0,34D-3M-15.15S,93D-15M-5.6S
2023,114195,0,39D-41M-52.83S,105D-23M-52.78S
2023,114196,1,48D-45M-39.12S,91D-19M-8.2S
2023,114197,1,44D-36M-4.18S,103D-5M-42.84S
2023,114198,0,51D-6M-23.05S,108D-13M-5.72S
2023,114199,1,34D-48M-9.18S,87D-22M-56.47S
2023,114200,0,40D-51M-11.82S,104D-32M-51.49S
2023,114201,0,43D-35M-19.82S,74D-51M-26.88S
2023,114202,0,48D-25M-46.84S,64D-7M-49.05S
2023,114203,0,36D-24M-11.97S,94D-7M-28.25S
2023,114204,0,31D-54M-19.98S,104D-15M-53.32S
2023,114205,1,46D-47M-18.69S,78D-46M-4.83S
2023,114210,0,46D-27M-31.14S,81D-4M-53.72S
2023,114213,0,49D-44M-15.29S,86D-57M-29.68S
2023,114221,0,38D-1M-18.61S,105D-43M-10.3S
2023,114245,0,66D-35M-56.76S,159D-9M-24.65S
2023,114303,0,37D-12M-40.31S,86D-3M-52.43S
2023,114308,1,37D-25M-34.39S,105D-34M-6.94S
2023,114313,0,43D-59M-7.14S,121D-53M-44.43S
2023,114319,0,59D-50M-18.78S,133D-48M-58.07S
2023,114341,0,39D-9M-16.49S,114D-48M-22.74S
2023,114352,0,38D-43M-30.11S,88D-10M-16.82S
2023,114357,1,45D-35M-1.51S,60D-44M-59.75S
2023,114366,0,38D-35M-9.12S,109D-20M-10.94S
2023,114401,0,48D-20M-29.79S,116D-51M-21.67S
2023,114402,0,61D-23M-20.26S,150D-0M-19.79S
2023,114403,0,35D-36M-20.73S,117D-47M-14.25S
2023,114404,0,47D-43M-23.83S,69D-19M-7.84S
2023,114405,0,49D-31M-36.2S,90D-45M-23.11S
2023,114406,0,38D-45M-19.92S,75D-17M-20.18S
2023,114407,0,40D-18M-10.89S,105D-57M-32.83S
2023,114408,0,42D-32M-28.18S,73D-18M-29.37S
2023,114409,0,41D-21M-43.25S,89D-46M-54.86S
2023,114410,1,47D-53M-36.04S,59D-13M-19.41S
2023,114411,0,34D-27M-45.61S,108D-47M-49.59S
2023,114412,0,40D-42M-29.41S,77D-51M-41.11S
2023,114413,0,49D-13M-48.93S,124D-54M-20.78S
2023,114414,0,42D-8M-1.56S,111D-55M-46.65S
2023,114415,0,41D-10M-14.87S,97D-21M-21.76S
2023,114416,0,47D-40M-11.83S,78D-24M-10.12S
2023,114417,1,31D-14M-9.93S,88D-47M-0.23S
2023,114418,1,51D-24M-20.47S,113D-45M-2.26S
2023,114419,0,34D-6M-4.48S,98D-19M-1.29S
2023,114420,0,43D-36M-39.02S,103D-52M-18.86S
2023,114421,1,45D-14M-43.97S,102D-30M-55.27S
2023,114422,1,45D-37M-50.28S,71D-43M-46.07S
2023,114423,1,43D-28M-36.5S,110D-46M-9.03S
2023,114424,0,47D-58M-36.18S,97D-24M-3.15S
2023,114425,0,53D-6M-39.9S,112D-7M-0.14S
2023,114426,1,53D-58M-3.02S,112D-43M-6.97S
2023,114427,0,41D-20M-26.47S,90D-32M-22.73S
2023,114428,0,32D-24M-34.26S,112D-56M-53.13S
2023,114429,0,33D-9M-26.57S,87D-0M-40.12S
2023,114430,1,35D-19M-12.88S,91D-21M-26.2S
2023,114431,0,47D-7M-41.38S,88D-21M-48.86S
2023,114432,0,47D-20M-57.21S,68D-15M-39.32S
2023,114433,0,39D-42M-46.76S,74D-51M-7.93S
2023,114434,1,37D-56M-39.02S,107D-49M-50.59S
2023,114435,1,35D-16M-59.09S,120D-45M-32.41S
2023,114436,0,42D-49M-49.1S,90D-58M-6.25S
2023,114536,0,41D-58M-10.49S,85D-46M-58.32S
2023,114900,1,48D-55M-23.15S,88D-52M-55.81S
2023,114901,0,32D-4M-40.96S,95D-17M-35.31S
2023,114902,1,47D-11M-28.18S,117D-24M-55S
2023,114903,0,24D-39M-57.54S,81D-24M-19.3S
2023,114905,0,44D-37M-0.61S,106D-3M-43.8S
2023,114907,1,34D-9M-47.56S,84D-28M-12.4S
2023,114908,1,29D-21M-47.32S,83D-10M-55.09S
2023,117001,0,46D-42M-22.9S,113D-39M-4.47S
2023,117002,0,46D-18M-24.07S,83D-35M-34.13S
2023,117003,0,33D-10M-44.55S,85D-29M-30.34S
2023,117004,0,53D-7M-32.21S,100D-25M-17.55S
2023,117005,0,41D-45M-45.65S,73D-20M-19.28S
2023,117006,1,43D-14M-15.15S,117D-1M-32.82S
2023,117007,1,36D-32M-49.99S,77D-25M-40.96S
2023,117008,1,45D-10M-35.14S,83D-30M-40.9S
2023,117009,0,32D-3M-55.34S,102D-49M-25.65S
2023,117010,0,38D-40M-53.41S,87D-8M-36.83S
2023,117011,0,66D-37M-24.78S,150D-40M-15.98S
2023,117012,1,33D-54M-38.14S,84D-45M-24.38S
2023,117013,1,42D-16M-46.92S,124D-15M-24.22S
2023,117014,0,44D-26M-48.37S,86D-7M-20.08S
2023,117015,0,38D-40M-21.63S,83D-10M-33.13S
2023,117016,0,49D-39M-10.47S,114D-31M-38.24S
2023,117017,0,44D-3M-37.5S,87D-45M-0.55S
2023,117018,1,40D-8M-45.58S,85D-22M-40.07S
2023,117019,0,36D-45M-56.55S,108D-6M-3.9S
2023,117020,0,42D-28M-27.43S,99D-44M-32.93S
2023,117021,1,54D-53M-17.8S,115D-50M-31.94S
2023,117022,0,54D-16M-1.94S,112D-16M-54.97S
2023,117023,1,31D-26M-17.43S,98D-10M-20.25S
2023,117024,0,34D-55M-46.93S,99D-43M-58.19S
2023,117025,0,49D-56M-51.59S,109D-31M-41.21S
2023,117026,0,39D-38M-14.04S,100D-18M-41.38S
2023,117027,1,45D-6M-59.13S,79D-37M-2.05S
2023,117028,0,42D-39M-40.6S,98D-42M-30.84S
2023,117031,0,39D-22M-15.35S,115D-21M-35.84S
2023,117032,1,41D-39M-30.81S,113D-10M-9.3S
2023,117033,0,61D-24M-42.96S,149D-52M-41.47S
2023,117034,1,36D-41M-15.91S,113D-27M-34.36S
2023,117035,0,38D-29M-26.29S,76D-58M-58.19S
2023,117036,0,34D-3M-51.86S,91D-30M-55.01S
2023,117037,0,42D-18M-55.17S,106D-31M-50.88S
2023,117038,0,41D-9M-34.74S,82D-38M-53.83S
2023,117039,0,39D-40M-32.66S,105D-51M-49.1S
2023,117040,1,30D-15M-8.08S,88D-6M-44.41S
2023,117041,0,36D-39M-57.59S,84D-59M-29.96S
2023,117042,0,49D-20M-56.42S,57D-32M-1.17S
2023,117043,0,52D-44M-6.81S,117D-40M-56.63S
2023,117044,1,41D-17M-11.51S,81D-57M-50.37S
2023,117045,1,39D-47M-24.61S,78D-58M-18.73S
2023,117046,0,42D-51M-58.78S,112D-29M-0.56S
2023,117047,0,41D-26M-22.69S,113D-6M-47.01S
2023,117048,0,33D-23M-51.96S,98D-45M-55.32S
2023,117049,1,39D-22M-30.45S,77D-14M-8.44S
2023,117050,1,47D-7M-9.75S,71D-5M-18.36S
2023,117051,0,43D-45M-43.7S,115D-57M-16.77S
2023,117052,1,37D-46M-56.21S,107D-0M-55.02S
2023,117053,0,41D-7M-32.17S,77D-7M-40.14S
2023,117054,1,46D-8M-31S,61D-21M-33.44S
2023,117055,0,45D-51M-17.88S,69D-55M-10.35S
2023,117056,1,60D-35M-1.62S,136D-9M-15.94S
2023,117057,1,50D-18M-4.2S,108D-56M-37.15S
2023,117058,0,44D-49M-51.95S,117D-12M-8.02S
2023,117122,0,39D-30M-38.65S,84D-2M-49.9S
2023,117124,0,39D-27M-48.37S,76D-18M-0.97S
2023,117125,0,39D-25M-25.03S,105D-58M-24.62S
2023,117126,1,47D-47M-13.79S,71D-17M-46.52S
2023,117153,1,43D-19M-8.65S,96D-53M-0.25S
2023,117154,0,45D-18M-46.09S,63D-26M-49.18S
2023,117201,0,35D-14M-26.01S,93D-20M-58.56S
2023,117202,0,35D-22M-10.38S,100D-58M-59.03S
2023,117203,1,36D-1M-17.61S,81D-53M-23.63S
2023,117204,1,32D-47M-4.05S,87D-32M-45.45S
2023,117205,1,36D-25M-28.81S,89D-26M-11.45S
2023,117206,0,30D-12M-43.43S,82D-15M-53.09S
2023,117207,0,49D-20M-10.5S,95D-28M-23.31S
2023,117208,0,34D-45M-21.28S,95D-46M-8.32S
2023,117209,0,31D-33M-15.75S,95D-51M-49.53S
2023,117210,0,45D-25M-47.67S,79D-35M-18.53S
2023,117211,0,41D-29M-4.95S,97D-12M-25.46S
2023,117212,0,34D-18M-1.05S,116D-46M-10.25S
2023,117213,0,34D-17M-12.09S,118D-6M-11.36S
2023,117214,1,40D-27M-45.69S,96D-6M-53.34S
2023,117215,1,44D-55M-56.49S,73D-53M-14.43S
2023,117216,0,44D-53M-34.25S,110D-44M-26.7S
2023,117217,0,50D-12M-5.68S,120D-36M-31.51S
2023,117218,0,35D-2M-6.52S,83D-12M-30.57S
2023,117219,1,63D-35M-13.74S,135D-55M-53.18S
2023,117220,0,46D-27M-31.57S,119D-39M-10.71S
2023,117221,0,44D-47M-48.5S,113D-22M-55.03S
2023,117222,0,42D-9M-42.1S,88D-10M-38.57S
2023,117223,0,51D-28M-39.25S,110D-26M-55.34S
2023,117224,0,44D-36M-52.48S,78D-1M-33.12S
2023,117225,0,42D-41M-43.74S,78D-49M-13.48S
2023,117226,1,44D-39M-37.85S,72D-23M-4.65S
2023,117227,0,47D-56M-58.19S,80D-41M-57.13S
2023,117228,0,42D-13M-9.54S,101D-2M-32.1S
2023,117301,0,46D-35M-49.73S,74D-13M-25.61S
2023,117302,1,42D-30M-56.37S,89D-6M-40.28S
2023,117303,0,60D-48M-53.21S,137D-13M-41.08S
2023,117304,0,49D-44M-14.07S,120D-10M-59.55S
2023,117305,0,43D-21M-8.37S,103D-54M-57.45S
2023,117306,1,46D-36M-19.5S,73D-9M-40.8S
2023,117307,1,41D-41M-34.98S,111D-48M-32.45S
2023,117308,0,44D-12M-31.19S,119D-14M-35.74S
2023,117309,0,49D-3M-26.67S,80D-51M-44.55S
2023,117310,0,39D-11M-6.05S,80D-5M-36.21S
2023,117311,0,34D-54M-14.61S,114D-40M-43.68S
2023,117312,1,44D-34M-55.32S,64D-28M-50.22S
2023,117313,0,39D-44M-46.71S,94D-4M-20.38S
2023,117314,1,37D-4M-31.22S,107D-52M-42.52S
2023,117315,0,49D-25M-45.95S,88D-57M-31.59S
2023,117316,1,38D-42M-47.88S,108D-9M-10.29S
2023,117317,0,33D-30M-34.69S,104D-28M-30.9S
2023,117318,0,41D-45M-40.48S,122D-40M-55.86S
2023,117319,0,49D-22M-0.08S,118D-29M-49.77S
2023,117320,0,32D-36M-15S,99D-48M-3.64S
2023,117321,1,43D-59M-6.79S,110D-47M-51.54S
2023,117322,0,41D-58M-14.02S,76D-4M-57.29S
2023,117323,1,35D-29M-12.47S,87D-41M-9.65S
2023,117324,1,41D-16M-56.89S,81D-5M-55.38S
2023,117325,0,30D-23M-55.25S,83D-28M-4.78S
2023,117326,0,43D-39M-43.82S,110D-42M-32.39S
2023,117327,0,40D-9M-5.28S,122D-51M-32.55S
2023,117328,1,45D-52M-18.09S,98D-48M-12.55S
2023,117351,0,53D-16M-58.33S,110D-37M-44.47S
2023,117352,0,30D-21M-48.17S,85D-55M-10.7S
2023,117353,0,42D-10M-56.57S,89D-20M-22.91S
2023,117354,1,41D-58M-18.21S,90D-18M-14.75S
2023,117358,0,37D-19M-4.37S,100D-29M-7.97S
2023,117359,0,40D-41M-1.36S,80D-21M-33.61S
2023,117360,0,39D-13M-16.25S,117D-6M-27.81S
2023,117361,0,42D-24M-59.25S,88D-54M-36.67S
2023,117362,1,38D-9M-1.05S,102D-31M-33.29S
2023,117365,0,49D-15M-31.51S,124D-21M-55.29S
2023,117366,0,64D-45M-44.85S,138D-21M-28.85S
2023,117367,1,43D-39M-52.27S,75D-37M-4.23S
2023,117368,1,43D-48M-2.02S,91D-1M-9.52S
2023,117372,0,47D-13M-43.84S,76D-44M-14.13S
2023,117373,0,36D-39M-45.22S,83D-34M-7.97S
2023,117374,0,42D-9M-17.96S,93D-21M-42.98S
2023,117375,1,31D-36M-34.07S,109D-13M-28.79S
2023,117376,0,34D-34M-4.43S,94D-41M-35.9S
2023,117410,1,47D-35M-7.9S,120D-41M-37.46S
2023,117419,1,46D-32M-53.82S,88D-17M-12.17S
2023,117900,0,51D-9M-31.95S,104D-19M-6.1S
2023,117901,0,38D-50M-4.07S,107D-35M-56.93S
2023,117902,0,53D-18M-56.85S,112D-47M-38.1S
2023,117903,0,47D-33M-49.23S,72D-44M-30.39S
2023,118001,0,38D-46M-55.35S,113D-32M-26.26S
2023,118002,0,35D-10M-7.15S,77D-14M-3.17S
2023,118003,1,30D-17M-4.74S,84D-55M-45.43S
2023,118004,0,34D-3M-37.04S,85D-41M-36.7S
2023,118005,0,60D-5M-20.8S,130D-52M-54.68S
2023,118006,0,53D-20M-38.31S,113D-51M-41.24S
2023,118007,0,54D-55M-16.48S,127D-43M-49.9S
2023,118008,0,46D-22M-36.39S,77D-39M-3.82S
2023,118009,0,42D-54M-14.97S,77D-7M-22.93S
2023,118010,1,50D-17M-50.59S,114D-11M-43.24S
2023,118011,1,44D-36M-2.58S,80D-44M-39.58S
2023,118012,0,38D-32M-43.12S,81D-22M-6.42S
2023,118013,1,44D-56M-53.57S,62D-36M-48.81S
2023,118014,0,39D-11M-40.27S,82D-55M-24.83S
2023,118015,1,33D-52M-52.4S,109D-10M-28.6S
2023,118016,0,37D-29M-2.78S,121D-15M-50.25S
2023,118102,1,42D-24M-54.12S,83D-3M-47.12S
2023,118116,0,33D-55M-42.75S,85D-28M-21.63S
2023,121001,0,44D-25M-57.94S,89D-51M-32.06S
2023,121002,0,48D-51M-29.57S,93D-31M-30.45S
2023,121003,0,47D-33M-18.54S,103D-30M-35.09S
2023,121004,0,41D-39M-14.57S,109D-14M-13.7S
2023,121005,1,43D-52M-48.44S,88D-2M-2.49S
2023,121006,0,31D-23M-5.89S,111D-5M-21.51S
2023,121007,0,35D-5M-46.35S,77D-19M-41.15S
2023,121008,0,42D-13M-29.56S,108D-38M-52.8S
2023,121009,1,30D-47M-26.28S,82D-55M-53.51S
2023,121010,0,36D-18M-14.1S,80D-38M-14.46S
2023,121105,1,35D-5M-34.56S,81D-59M-25.76S
2023,121108,0,40D-12M-9.46S,79D-12M-51.7S
2023,121109,1,44D-32M-58.91S,95D-16M-24.46S
2023,125001,1,46D-7M-29.18S,111D-53M-18.19S
2023,125002,0,39D-11M-24.68S,105D-17M-47.07S
2023,125003,1,39D-38M-38.63S,74D-17M-3.62S
2023,125004,0,39D-46M-33.76S,119D-35M-17.47S
2023,125005,0,41D-45M-20.45S,76D-1M-24.21S
2023,125006,0,46D-18M-55.64S,118D-31M-56.57S
2023,125007,0,43D-51M-59.64S,102D-22M-12.62S
2023,125008,1,34D-52M-50.87S,118D-30M-9.37S
2023,125009,0,44D-32M-21.28S,74D-46M-51.94S
2023,125010,0,37D-55M-51.65S,78D-28M-56.73S
2023,125011,1,59D-27M-43.93S,151D-29M-57.6S
2023,125012,1,34D-51M-43.87S,98D-56M-53.52S
2023,125013,1,45D-6M-39.13S,98D-8M-23.66S
2023,125014,1,59D-27M-25.93S,136D-23M-38.79S
2023,125015,0,44D-26M-26.07S,71D-57M-7.88S
2023,125016,1,34D-49M-33.46S,90D-28M-6.06S
2023,125017,1,34D-3M-43.66S,105D-49M-19.99S
2023,125018,1,35D-3M-43S,119D-45M-9.07S
2023,125019,0,35D-51M-45.35S,114D-40M-7.97S
2023,125020,0,51D-17M-51.67S,101D-45M-6.31S
2023,125021,1,40D-14M-25.55S,109D-23M-17.19S
2023,125022,1,38D-51M-25.46S,105D-30M-45.99S
2023,125023,1,64D-25M-25.71S,141D-17M-43.85S
2023,125024,0,42D-1M-1.19S,87D-54M-41.83S
2023,125025,0,52D-58M-34.77S,106D-45M-57.81S
2023,125026,0,44D-49M-25.01S,118D-28M-48.18S
2023,125027,0,34D-12M-55.16S,80D-12M-42.42S
2023,125028,1,57D-38M-10.3S,130D-3M-56.16S
2023,125029,1,45D-43M-20.57S,81D-48M-17.17S
2023,125030,0,43D-23M-44.35S,107D-42M-46.91S
2023,125031,0,46D-26M-9.16S,94D-6M-0.01S
2023,125032,0,37D-52M-46.79S,76D-41M-22.57S
2023,125033,0,44D-14M-37.47S,70D-15M-44.13S
2023,125035,0,34D-37M-56.47S,92D-46M-0.13S
2023,125036,0,45D-29M-28.92S,88D-45M-27.18S
2023,125037,1,64D-11M-19.06S,140D-24M-34.73S
2023,125038,1,41D-16M-57.45S,75D-11M-39.39S
2023,125039,1,29D-33M-5.34S,83D-8M-18.65S
2023,125040,1,46D-54M-29.46S,120D-41M-30.12S
2023,125051,0,34D-56M-58.34S,90D-30M-40.92S
2023,125052,1,43D-14M-58.83S,122D-40M-23.85S
2023,125053,1,38D-58M-20.49S,94D-5M-18.45S
2023,125054,0,50D-38M-11.98S,65D-34M-1.2S
2023,125055,1,42D-32M-57.99S,117D-6M-17.81S
2023,125056,1,48D-38M-22.65S,53D-52M-33S
2023,125057,0,52D-31M-33.91S,115D-59M-39.96S
2023,125058,0,26D-35M-50.56S,98D-51M-4.83S
2023,125059,0,43D-54M-2.23S,72D-16M-32.13S
2023,125060,0,48D-5M-20.42S,95D-37M-46.92S
2023,125061,0,48D-12M-11.3S,79D-1M-22.7S
2023,125062,0,43D-18M-27.43S,122D-21M-39.34S
2023,125063,0,49D-40M-27.69S,109D-44M-29.22S
2023,125064,0,32D-5M-42.24S,102D-7M-17.55S
2023,125065,1,36D-6M-41.82S,85D-46M-21.03S
2023,125066,1,39D-10M-20.71S,82D-53M-44.51S
2023,125067,1,45D-14M-9.47S,103D-43M-29.74S
2023,125068,0,32D-9M-56.93S,85D-5M-6.3S
2023,125069,0,39D-23M-35.49S,112D-13M-59.39S
2023,125070,1,44D-53M-19.29S,106D-43M-42.34S
2023,125071,0,54D-5M-48.65S,124D-47M-12.11S
2023,125072,1,54D-58M-6.42S,122D-56M-2.19S
2023,125073,1,41D-32M-39.68S,74D-35M-46.07S
2023,125074,0,33D-46M-14.7S,82D-30M-32.66S
2023,125075,0,42D-52M-56.55S,107D-45M-19.36S
2023,125076,1,45D-20M-15.42S,90D-4M-31.68S
2023,125077,0,35D-3M-58.32S,98D-8M-14.71S
2023,125078,0,47D-24M-28.98S,66D-31M-20.49S
2023,125079,0,37D-51M-26.62S,98D-52M-41.65S
2023,125080,0,38D-31M-18.79S,96D-53M-47.08S
2023,125081,1,38D-5M-18.43S,75D-31M-38.38S
2023,125082,1,30D-43M-40.53S,93D-45M-57.77S
2023,125083,1,39D-22M-42.99S,106D-48M-5.38S
2023,125084,0,42D-12M-47.61S,117D-11M-4.75S
2023,125085,0,49D-43M-14.69S,115D-37M-55.62S
2023,125086,0,44D-9M-59.95S,103D-54M-11.26S
2023,125087,1,48D-0M-38.79S,64D-34M-24.82S
2023,125105,0,33D-40M-11.99S,93D-41M-39S
2023,125107,0,45D-17M-22.44S,77D-28M-2.82S
2023,125108,0,30D-48M-24.57S,94D-6M-10.21S
2023,125113,1,37D-50M-6.26S,106D-15M-13.32S
2023,125116,0,46D-13M-52.76S,103D-26M-32.33S
2023,125129,1,36D-24M-58.94S,105D-18M-22.29S
2023,125132,0,48D-34M-46.99S,80D-59M-24.46S
2023,125135,0,40D-21M-10.62S,119D-47M-49.6S
2023,125137,0,36D-31M-6.77S,109D-26M-45.09S
2023,125165,1,30D-54M-59.44S,104D-15M-55.19S
2023,125172,1,44D-31M-29.19S,66D-6M-49.83S
2023,125175,1,39D-10M-16.07S,117D-21M-54.42S
2023,125178,0,42D-11M-43.2S,96D-44M-19.42S
2023,125180,1,31D-11M-22.47S,91D-29M-24.37S
2023,125183,1,40D-16M-28.13S,83D-20M-24.93S
2023,125901,1,59D-20M-14.74S,151D-19M-31.26S
2023,125902,1,34D-12M-6.39S,117D-40M-58.66S
2023,125903,1,35D-2M-15.36S,112D-9M-3.19S
2023,125904,1,39D-41M-11.78S,78D-24M-28.8S
2023,125905,0,44D-4M-17.74S,77D-21M-36.23S
2023,125906,0,39D-39M-39.65S,91D-29M-27.36S
2023,125907,0,36D-21M-35.53S,117D-29M-8.94S
2023,125910,1,41D-20M-53.41S,73D-42M-3.42S
2023,125911,0,30D-46M-21.27S,92D-28M-45.94S
2023,125912,1,46D-57M-47.5S,102D-51M-52.35S
2023,125913,0,41D-3M-49.29S,73D-37M-52.43S
2023,125915,1,38D-28M-47.29S,100D-43M-54.83S
2023,125916,1,36D-56M-57.05S,86D-12M-56.47S
2023,125917,1,46D-55M-6.02S,96D-37M-47.1S
2023,125918,0,41D-40M-11.69S,72D-54M-54.63S
2023,125919,0,30D-15M-11.18S,103D-27M-21.37S
2023,125920,1,48D-9M-6.84S,73D-36M-36.63S
2023,125921,1,31D-13M-30.88S,86D-7M-1.02S
2023,125922,0,32D-51M-53.24S,114D-28M-41.77S
2023,127001,1,40D-44M-36.98S,112D-39M-37.38S
2023,127002,1,34D-39M-53.59S,108D-29M-19.29S
2023,127003,1,44D-47M-14.29S,76D-14M-34.36S
2023,127004,1,34D-23M-7.71S,97D-51M-42.36S
2023,127005,0,36D-42M-40.25S,76D-33M-35.96S
2023,127006,1,33D-45M-10.47S,80D-31M-35.94S
2023,127007,1,41D-55M-36.05S,111D-16M-47.1S
2023,127008,1,39D-14M-39.88S,74D-33M-48.68S
2023,127009,0,34D-7M-35.26S,104D-14M-13.52S
2023,127010,0,45D-22M-3.9S,77D-1M-11.91S
2023,127011,0,56D-6M-50.55S,129D-18M-45.66S
2023,127012,0,52D-44M-37.2S,113D-12M-2.65S
2023,127013,1,48D-19M-4.27S,88D-49M-36.89S
2023,127014,0,36D-16M-17.85S,101D-21M-20.18S
2023,127015,0,37D-11M-6.83S,106D-57M-38.6S
2023,127016,0,45D-34M-37.98S,121D-30M-30.64S
2023,127017,1,45D-54M-57.04S,69D-2M-41.58S
2023,127018,1,49D-33M-31.26S,98D-44M-33.53S
2023,127019,0,33D-57M-16.67S,94D-33M-33.83S
2023,127020,1,47D-1M-5.46S,79D-12M-55.76S
2023,127021,0,48D-11M-44.97S,106D-32M-55.71S
2023,127022,0,54D-5M-45.53S,114D-45M-19.02S
2023,127023,0,32D-48M-59.18S,88D-30M-30.04S
2023,127024,1,42D-11M-12.57S,107D-12M-45.04S
2023,127025,0,61D-34M-32.43S,144D-40M-46.54S
2023,127026,1,42D-28M-11.04S,71D-53M-13.55S
2023,127027,1,38D-49M-20.3S,97D-16M-28.92S
2023,127028,0,41D-13M-4.83S,123D-28M-59.21S
2023,127029,1,43D-59M-58.08S,118D-50M-42.04S
2023,127030,0,34D-53M-4.08S,117D-5M-25.75S
2023,127031,0,34D-6M-42.72S,106D-52M-24.06S
2023,127032,0,44D-19M-21.7S,72D-38M-59.72S
2023,127033,1,45D-43M-24.44S,63D-32M-18.05S
2023,127034,1,50D-51M-30.33S,101D-49M-42.02S
2023,127035,0,46D-22M-0.99S,63D-9M-11.3S
2023,127036,0,54D-35M-46.28S,100D-44M-23.81S
2023,127037,1,35D-9M-19.47S,119D-10M-58.3S
2023,127038,1,58D-39M-39.86S,123D-52M-15.11S
2023,127039,1,43D-7M-27.28S,103D-42M-27.54S
2023,127040,1,40D-49M-57.65S,104D-48M-18.79S
2023,127041,0,39D-33M-15.09S,122D-56M-11.03S
2023,127042,0,37D-27M-48.64S,119D-47M-8.32S
2023,127043,0,49D-49M-18.32S,71D-57M-35.69S
2023,127044,1,41D-5M-12.67S,77D-13M-5.88S
2023,127045,0,37D-26M-52.73S,84D-50M-17.07S
2023,127046,0,46D-17M-29.24S,73D-40M-10.4S
2023,127047,0,44D-23M-44.55S,83D-41M-27.22S
2023,127048,0,41D-33M-2.56S,121D-34M-55.28S
2023,127049,1,40D-59M-20.77S,100D-29M-43.92S
2023,127050,0,45D-40M-36.28S,87D-34M-57.95S
2023,127051,0,67D-14M-16.13S,135D-20M-49.3S
2023,127052,0,40D-4M-26.95S,74D-35M-44.99S
2023,127053,0,41D-16M-10.2S,81D-5M-17.8S
2023,127054,1,38D-48M-14.24S,121D-51M-5.04S
2023,127055,0,29D-5M-55.62S,98D-39M-21.79S
2023,127056,0,61D-31M-4.96S,149D-37M-30.11S
2023,127057,0,31D-42M-41.68S,83D-13M-34.82S
2023,127058,0,40D-41M-49.3S,77D-31M-15.83S
2023,127102,0,36D-29M-3.13S,118D-40M-18.29S
2023,127111,0,52D-59M-54.48S,105D-38M-3.2S
2023,127112,1,41D-18M-28.9S,77D-17M-51.22S
2023,127117,1,64D-53M-49.33S,147D-25M-0.29S
2023,127119,1,39D-2M-59.05S,75D-31M-15.73S
2023,127123,0,48D-42M-4.08S,121D-5M-45.43S
2023,127155,1,42D-25M-48.88S,123D-40M-0.31S
2023,127156,1,36D-30M-7.39S,86D-39M-53.44S
2023,127158,0,62D-35M-51.28S,150D-15M-59.12S
2023,127900,0,59D-31M-40.84S,135D-15M-23.37S
2023,133001,0,44D-19M-38.04S,110D-37M-10.2S
2023,133002,1,51D-34M-7.69S,113D-55M-54.49S
2023,133003,0,39D-15M-55.79S,95D-36M-48.35S
2023,133004,0,46D-26M-36.29S,76D-52M-19.53S
2023,133005,0,34D-7M-15.15S,109D-52M-3.16S
2023,133006,0,30D-32M-55.07S,85D-8M-17.03S
2023,133007,0,28D-16M-31.42S,80D-58M-56.01S
2023,133008,0,33D-42M-22.91S,94D-8M-6.17S
2023,133009,1,39D-14M-16.84S,77D-35M-21.87S
2023,133010,1,46D-45M-54.78S,103D-59M-3.01S
2023,133011,0,50D-1M-44.46S,107D-0M-31.43S
2023,133012,1,46D-15M-36.07S,106D-41M-9.89S
2023,133013,0,38D-32M-18.79S,120D-13M-22.46S
2023,133014,0,43D-25M-25.09S,65D-38M-53.48S
2023,133015,1,32D-25M-33.21S,87D-32M-5.75S
2023,133016,0,42D-27M-34.81S,117D-42M-15.59S
2023,133017,1,49D-6M-58.6S,97D-51M-58.38S
2023,133018,0,37D-59M-50.14S,87D-28M-13.23S
2023,133019,0,31D-55M-34.26S,109D-55M-23.07S
2023,133020,1,35D-48M-32.44S,116D-12M-11.7S
2023,133021,1,32D-27M-16.33S,94D-10M-58.88S
2023,133022,1,45D-42M-11.97S,122D-25M-28.73S
2023,133023,0,37D-15M-14.61S,108D-29M-41.6S
2023,133024,0,31D-13M-50.05S,105D-20M-49.7S
2023,133025,0,37D-56M-8.85S,120D-33M-5.6S
2023,133026,0,41D-52M-57.32S,71D-45M-15.49S
2023,133027,0,41D-28M-0.62S,81D-4M-9.02S
2023,133028,0,35D-56M-24.71S,121D-5M-21.73S
2023,133029,0,49D-58M-6.08S,113D-55M-25.11S
2023,133109,1,34D-44M-49.79S,79D-48M-16.72S
2023,133111,1,41D-13M-24.59S,104D-8M-34.54S
2023,133119,1,37D-39M-23.15S,113D-32M-53.73S
2023,133124,1,44D-14M-3.83S,112D-16M-57.58S
2023,133128,0,42D-19M-18S,75D-33M-4.38S
2023,133202,1,49D-59M-58.71S,106D-20M-54.72S
2023,133204,1,33D-58M-20.63S,100D-14M-18.84S
2023,133205,1,49D-29M-29.62S,81D-28M-22.88S
2023,133207,0,43D-44M-11.72S,105D-43M-25.61S
2023,133208,0,36D-15M-37.3S,81D-37M-9.96S
2023,133209,0,47D-36M-22.21S,92D-59M-14.44S
2023,133211,1,39D-15M-15.69S,86D-43M-6.61S
2023,133212,0,36D-15M-56.41S,76D-51M-23.4S
2023,133213,1,51D-26M-25.41S,111D-55M-13.37S
2023,133214,0,44D-12M-1.77S,89D-2M-50.45S
2023,133217,1,42D-36M-10.98S,73D-11M-18.81S
2023,133218,1,53D-7M-45.19S,113D-7M-2.22S
2023,133219,0,38D-16M-1.41S,120D-44M-2.64S
2023,133220,0,42D-33M-36.49S,121D-3M-56.59S
2023,133221,0,34D-8M-18.4S,116D-59M-39.14S
2023,133222,0,36D-43M-48.97S,112D-3M-8.8S
2023,133223,1,37D-16M-15.61S,86D-9M-46.01S
2023,133224,1,30D-31M-23S,96D-10M-52.38S
2023,133225,0,30D-15M-29.67S,82D-9M-8.33S
2023,133226,1,35D-11M-8.41S,97D-26M-16.83S
2023,133227,1,62D-20M-8.84S,150D-35M-7.29S
2023,133228,0,45D-23M-13.33S,122D-48M-50.3S
2023,133901,1,37D-50M-13.1S,86D-53M-11.96S
2023,133902,0,45D-1M-51.73S,92D-44M-49.96S
2023,133903,0,43D-33M-55.15S,74D-23M-55.17S
2023,133904,1,37D-27M-33.39S,112D-19M-40.85S
2023,133905,0,41D-50M-13.74S,121D-6M-22.85S
2023,133906,0,40D-36M-59.37S,89D-38M-7.57S
2023,133907,0,46D-27M-40.75S,119D-39M-36.7S
2023,134001,0,43D-9M-30.96S,112D-48M-1.72S
2023,134002,0,34D-47M-39.87S,104D-57M-47.41S
2023,134003,1,60D-35M-4.69S,144D-46M-53.02S
2023,134004,0,30D-59M-7.22S,99D-23M-43S
2023,134005,0,49D-44M-15.49S,57D-41M-44.52S
2023,134006,1,37D-19M-22.95S,105D-35M-51.24S
2023,134007,0,38D-49M-46.11S,82D-1M-50.34S
2023,134008,0,45D-23M-21.22S,86D-57M-5.42S
2023,134009,0,30D-17M-43.17S,83D-18M-22.55S
2023,134010,1,33D-41M-15.65S,92D-36M-20.09S
2023,134011,0,40D-31M-32.82S,85D-48M-35.82S
2023,134012,0,43D-16M-12.46S,118D-34M-19.39S
2023,134013,0,39D-28M-9.09S,89D-16M-55.49S
2023,134014,0,47D-7M-7.69S,116D-6M-58.35S
2023,134015,0,42D-2M-25.81S,122D-29M-11.71S
2023,134016,1,39D-33M-13.15S,78D-36M-26.46S
2023,134017,0,39D-48M-8.87S,90D-25M-57.08S
2023,134018,1,54D-16M-14.64S,126D-47M-12S
2023,134019,0,42D-48M-1.74S,107D-23M-30.54S
2023,134020,1,32D-33M-36.2S,117D-10M-54.56S
2023,134021,0,42D-28M-54.75S,72D-54M-39.81S
2023,134022,1,40D-49M-1.98S,75D-22M-42.32S
2023,134023,1,49D-42M-21.57S,87D-18M-53.76S
2023,134024,0,46D-16M-50.97S,117D-17M-43.03S
2023,134025,0,35D-49M-46.24S,93D-4M-44.54S
2023,134026,0,41D-20M-44.41S,111D-20M-37.68S
2023,134027,1,42D-9M-45.79S,104D-28M-16.83S
2023,134028,0,26D-57M-52.24S,81D-56M-12.21S
2023,134029,1,49D-33M-12.39S,110D-17M-49.03S
2023,134030,0,45D-47M-34.81S,72D-18M-7.72S
2023,134031,0,48D-36M-25.41S,77D-11M-39.75S
2023,134032,0,40D-15M-24.85S,112D-5M-22.3S
2023,134033,1,40D-20M-2.02S,90D-7M-47.02S
2023,134034,0,30D-16M-27.01S,102D-39M-21.91S
2023,134035,1,46D-6M-44.13S,69D-12M-14.46S
2023,134036,1,39D-24M-40.12S,81D-21M-11.93S
2023,134037,1,48D-7M-58.69S,103D-8M-27.14S
2023,134038,0,53D-30M-50.31S,104D-12M-24.11S
2023,134039,0,38D-55M-48.83S,113D-43M-31.6S
2023,134040,1,45D-10M-39.08S,74D-58M-54.6S
2023,134041,0,37D-57M-37.56S,103D-52M-33.86S
2023,134042,1,56D-32M-15.26S,118D-43M-6.08S
2023,134043,0,64D-27M-31.48S,164D-50M-0.24S
2023,134044,1,47D-41M-42.85S,91D-30M-24.82S
2023,134045,1,50D-37M-25.62S,95D-27M-24.47S
2023,134046,0,45D-34M-14.23S,76D-6M-54.09S
2023,134047,1,39D-0M-56.54S,104D-44M-8.62S
2023,134048,0,56D-24M-9.21S,132D-21M-32.04S
2023,134049,0,41D-35M-46.29S,107D-15M-56.84S
2023,134050,1,43D-14M-57.26S,83D-15M-14.17S
2023,134051,0,46D-19M-39.28S,62D-21M-2.13S
2023,134052,1,41D-42M-29.32S,75D-47M-20.04S
2023,134053,0,43D-4M-36.28S,91D-4M-25.13S
2023,134054,1,55D-28M-33.5S,112D-21M-15.53S
2023,134055,0,43D-45M-46.43S,72D-44M-6.48S
2023,134056,0,35D-51M-37.54S,77D-40M-59.38S
2023,134057,1,46D-55M-37.85S,113D-24M-47.18S
2023,134058,0,44D-20M-26.49S,72D-24M-3.05S
2023,134059,0,46D-35M-22.49S,119D-23M-51.23S
2023,134060,0,39D-0M-57.95S,87D-48M-22.04S
2023,134061,0,45D-8M-49.44S,72D-23M-8.47S
2023,134062,0,40D-24M-21.76S,85D-14M-36.25S
2023,134063,0,49D-36M-25.87S,92D-29M-13.27S
2023,134064,0,52D-5M-2.8S,120D-51M-47.76S
2023,134065,0,39D-52M-58.94S,111D-57M-56.99S
2023,134066,1,30D-33M-30.6S,98D-53M-23.63S
2023,134067,0,38D-30M-45.86S,76D-34M-15.59S
2023,134068,1,49D-19M-55.93S,113D-37M-36.68S
2023,134069,1,40D-10M-20.06S,80D-21M-49.17S
2023,134070,0,33D-41M-57.21S,115D-47M-22.4S
2023,134071,0,47D-46M-43.46S,92D-2M-58.98S
2023,134072,0,39D-58M-4S,119D-21M-59.42S
2023,134073,1,55D-5M-26.91S,117D-20M-23.73S
2023,134074,0,46D-26M-18.35S,101D-39M-3S
2023,134075,0,44D-47M-27.38S,75D-58M-41.6S
2023,134076,0,39D-51M-32.79S,104D-21M-4.79S
2023,134077,1,29D-59M-59.53S,92D-36M-25.56S
2023,134078,1,40D-27M-52.95S,95D-20M-16.34S
2023,134079,1,50D-15M-31.39S,115D-51M-10.55S
2023,134080,0,35D-8M-40.14S,85D-17M-43.82S
2023,134081,1,34D-29M-0.43S,110D-21M-45.21S
2023,134135,1,33D-59M-39.84S,90D-11M-12.96S
2023,134900,0,30D-48M-56.15S,90D-36M-47.08S
2023,135001,1,46D-24M-28.11S,78D-8M-5.03S
2023,135002,0,44D-36M-27.51S,72D-43M-45.12S
2023,135003,1,48D-51M-7.54S,89D-8M-44S
2023,135004,0,33D-17M-19.77S,88D-1M-6.58S
2023,135005,0,35D-14M-49.28S,83D-37M-50.99S
2023,135006,1,50D-4M-4.91S,125D-6M-15.96S
2023,135007,1,35D-41M-46.07S,118D-17M-22.34S
2023,135008,0,34D-50M-25.91S,87D-42M-23.71S
2023,135009,0,39D-30M-50.54S,112D-38M-41.17S
2023,135010,1,32D-21M-23.02S,108D-10M-45.59S
2023,135011,0,46D-9M-28.5S,109D-39M-57.13S
2023,135012,1,30D-53M-37.96S,85D-0M-23.26S
2023,135013,0,41D-12M-4.56S,89D-27M-10.8S
2023,135014,1,67D-11M-28.66S,150D-19M-55.42S
2023,135015,1,33D-27M-17.56S,114D-41M-54.55S
2023,135016,0,36D-29M-59.27S,114D-44M-42.27S
2023,135017,1,53D-20M-24.64S,112D-46M-12.37S
2023,135018,0,39D-48M-33.24S,120D-38M-50.19S
2023,135019,0,40D-40M-33.21S,106D-56M-2.02S
2023,135020,0,46D-49M-53.48S,108D-7M-28.91S
2023,135021,0,41D-23M-52.29S,123D-29M-4S
2023,135022,1,29D-33M-37.1S,96D-30M-22.05S
2023,135023,0,37D-54M-1.1S,109D-30M-26S
2023,135024,0,45D-54M-34.81S,66D-15M-15.93S
2023,135025,0,55D-32M-46.99S,116D-46M-52.94S
2023,135026,0,46D-43M-25.61S,122D-49M-31.79S
2023,135027,0,43D-36M-36.25S,85D-8M-5.79S
2023,135028,0,39D-38M-43.05S,86D-18M-42.56S
2023,135029,1,49D-44M-1.31S,85D-54M-35.39S
2023,135030,0,37D-18M-18.86S,96D-6M-18.44S
2023,135031,0,37D-30M-20.79S,114D-35M-0.65S
2023,135032,1,33D-42M-46.4S,89D-22M-7.99S
2023,135033,1,54D-24M-9.38S,125D-26M-38.42S
2023,135034,0,37D-36M-45.87S,115D-3M-5.91S
2023,135035,0,29D-28M-55.49S,82D-8M-34.61S
2023,135036,1,55D-10M-22.57S,162D-15M-22.36S
2023,135037,0,49D-25M-27.78S,72D-34M-13.14S
2023,135038,1,39D-10M-31.51S,102D-7M-24.62S
2023,135039,1,49D-11M-48.81S,122D-31M-38.4S
2023,135040,0,36D-25M-52.36S,95D-49M-55.12S
2023,135041,0,47D-45M-34.9S,67D-45M-32.77S
2023,135042,0,45D-6M-29.43S,84D-0M-50.27S
2023,135101,0,37D-33M-50.05S,109D-23M-51.63S
2023,135103,1,49D-39M-59.73S,114D-35M-11.9S
2023,135115,1,52D-10M-33.77S,122D-4M-42.84S
2023,135117,0,31D-49M-56.37S,109D-42M-17.19S
2023,135301,0,32D-32M-30.33S,80D-40M-43.79S
2023,135302,1,37D-59M-2.31S,81D-33M-52.68S
2023,135303,0,32D-5M-55.9S,100D-39M-6.63S
2023,135304,0,35D-49M-11S,94D-52M-53.36S
2023,135305,0,50D-14M-4.44S,114D-58M-35.33S
2023,135306,0,44D-11M-38.94S,99D-30M-24.36S
2023,135307,0,40D-36M-28.59S,112D-28M-16.6S
2023,135308,1,41D-2M-58.9S,83D-0M-40.75S
2023,135309,0,55D-55M-2.67S,97D-41M-3.28S
2023,135310,1,37D-17M-52.19S,80D-18M-24.69S
2023,135311,0,56D-9M-44.73S,96D-47M-55.98S
2023,135312,0,40D-41M-38S,77D-46M-48.2S
2023,135313,0,45D-20M-57.87S,67D-25M-18.03S
2023,135314,0,39D-59M-32.51S,74D-14M-20.84S
2023,135315,0,33D-1M-13.1S,111D-9M-41.12S
2023,135316,0,44D-17M-18.36S,78D-6M-31.76S
2023,135410,0,36D-47M-51.36S,115D-17M-56.58S
2023,135900,0,44D-35M-38.83S,79D-2M-8.69S
2023,135901,0,39D-41M-53.56S,75D-31M-42.63S
2023,135903,0,52D-6M-54.12S,103D-36M-17.14S
2023,136001,0,47D-8M-5.03S,118D-41M-32.47S
2023,136002,1,39D-55M-33.12S,83D-52M-11.36S
2023,136003,0,44D-43M-4.31S,79D-38M-43.93S
2023,136004,0,41D-4M-49.52S,80D-3M-40.97S
2023,136005,1,49D-24M-42.66S,91D-37M-18.5S
2023,136006,0,37D-41M-23.21S,105D-55M-41.45S
2023,136007,1,39D-40M-12.72S,79D-9M-16.76S
2023,136008,0,63D-41M-28.52S,149D-34M-31.79S
2023,136009,0,30D-49M-2.57S,84D-32M-38.81S
2023,136010,0,52D-12M-51.87S,111D-4M-33.61S
2023,136011,0,40D-5M-20.18S,82D-56M-4.71S
2023,136012,0,53D-28M-40.93S,114D-47M-8.52S
2023,136013,0,40D-54M-41.53S,73D-24M-36.65S
2023,136014,1,37D-58M-13.54S,89D-45M-42.14S
2023,136015,0,26D-55M-32.33S,97D-39M-54.85S
2023,136016,0,30D-24M-2.55S,93D-10M-33.42S
2023,136017,1,37D-46M-10.99S,83D-35M-45.65S
2023,136018,0,46D-42M-6.92S,92D-38M-45.77S
2023,136019,0,51D-30M-49.74S,117D-20M-13.76S
2023,136020,1,49D-38M-37.76S,107D-59M-43.15S
2023,136021,0,42D-39M-26.87S,115D-35M-37.72S
2023,136022,1,38D-10M-17.92S,99D-35M-9.68S
2023,136023,0,42D-30M-0.06S,79D-15M-7.32S
2023,136024,0,34D-44M-51.18S,82D-9M-23.38S
2023,136025,1,32D-3M-17.41S,92D-7M-44.23S
2023,136026,1,29D-11M-41.54S,103D-1M-10.29S
2023,136027,0,56D-0M-20.89S,132D-0M-19.94S
2023,136028,1,33D-35M-50.32S,86D-12M-55.75S
2023,136029,1,31D-35M-14.32S,93D-1M-58.51S
2023,136030,1,37D-31M-7.3S,91D-1M-51.76S
2023,136031,0,39D-6M-41.24S,122D-43M-49.75S
2023,136032,1,45D-5M-13.8S,90D-17M-46.11S
2023,136033,0,45D-28M-28.78S,93D-42M-11.76S
2023,136034,1,40D-43M-38.61S,88D-34M-59.89S
2023,136108,0,48D-8M-51.1S,79D-2M-35.33S
2023,136118,0,40D-22M-29.06S,115D-38M-11.17S
2023,136123,0,35D-13M-3.43S,94D-28M-40.42S
2023,136131,0,47D-10M-29.83S,67D-12M-26.21S
2023,138001,0,42D-56M-30.04S,123D-14M-46S
2023,138002,1,46D-28M-59.6S,87D-51M-35.55S
2023,138003,0,50D-1M-25.32S,110D-6M-35.71S
2023,138004,1,45D-13M-10.22S,89D-48M-43.2S
2023,138005,1,48D-5M-29.04S,121D-45M-47.78S
2023,138006,1,31D-11M-5.38S,97D-51M-29.44S
2023,138007,0,54D-26M-7.96S,112D-49M-59.32S
2023,138008,1,45D-3M-26.48S,85D-10M-36.76S
2023,138009,1,40D-16M-38.96S,76D-25M-32.64S
2023,138010,0,34D-36M-30.62S,100D-44M-53.57S
2023,138011,0,26D-57M-19.9S,99D-2M-44.36S
2023,138012,0,34D-24M-47.05S,115D-20M-28.36S
2023,138013,1,52D-58M-52.84S,117D-21M-19.5S
2023,138014,0,34D-3M-59.29S,103D-41M-30.49S
2023,138015,0,31D-2M-37.22S,85D-24M-24.01S
2023,138016,0,51D-33M-47.88S,114D-11M-48.03S
2023,138017,1,45D-23M-22.08S,67D-44M-31.23S
2023,138018,0,44D-44M-40.2S,91D-47M-8.45S
2023,138019,0,41D-55M-45.52S,123D-4M-57.52S
2023,138020,1,36D-49M-30.93S,84D-50M-36.15S
2023,138021,1,40D-48M-47.05S,79D-21M-10.3S
2023,138022,0,37D-55M-48.16S,107D-21M-29.91S
2023,138023,0,32D-44M-13.73S,80D-8M-6.61S
2023,138024,1,49D-17M-0.77S,116D-45M-29.18S
2023,138025,1,48D-50M-0.66S,69D-22M-55.17S
2023,138026,1,31D-6M-40.4S,87D-49M-52S
2023,138027,0,38D-46M-1.28S,85D-6M-27.63S
2023,138028,1,37D-5M-4.29S,113D-40M-16.29S
2023,138029,1,36D-44M-11.46S,91D-0M-22.83S
2023,138030,1,39D-46M-5.11S,103D-6M-0.71S
2023,138031,0,60D-30M-2.55S,137D-5M-55.55S
2023,138032,0,49D-32M-58.73S,76D-11M-42.72S
2023,138033,1,43D-34M-2.13S,113D-3M-51.82S
2023,138034,1,33D-39M-56.02S,89D-23M-19.82S
2023,138035,0,27D-6M-57.6S,99D-13M-11.2S
2023,138036,0,38D-40M-25.82S,79D-48M-56.05S
2023,138037,0,34D-8M-36.35S,95D-45M-8S
2023,138038,0,45D-0M-28.6S,116D-57M-46.82S
2023,138105,0,35D-6M-33.11S,96D-26M-24.61S
2023,138118,1,47D-20M-47.41S,93D-38M-6.46S
2023,138301,0,49D-36M-38.54S,102D-35M-37.7S
2023,138302,0,35D-41M-8.1S,93D-49M-50.46S
2023,138303,0,40D-27M-4.75S,110D-53M-24.3S
2023,138304,0,44D-51M-58.35S,109D-41M-21.88S
2023,138305,0,39D-39M-53.29S,96D-31M-0.77S
2023,138306,1,33D-26M-50.42S,118D-28M-19.62S
2023,138307,1,39D-39M-35.23S,77D-51M-30.85S
2023,138308,0,44D-27M-31.13S,74D-11M-49.6S
2023,138309,0,41D-9M-24.22S,106D-15M-19.66S
2023,138310,0,64D-5M-49.84S,141D-40M-27.67S
2023,138311,1,40D-13M-43.8S,75D-40M-41.1S
2023,138312,0,45D-54M-23.41S,93D-4M-22.35S
2023,138313,0,51D-5M-51.59S,116D-59M-21.62S
2023,138314,0,46D-9M-42.56S,90D-45M-43.03S
2023,138315,1,44D-32M-34.86S,101D-9M-38.09S
2023,138316,0,29D-55M-8.68S,92D-14M-40.7S
2023,138317,0,35D-28M-50.16S,99D-44M-20.82S
2023,138318,1,34D-38M-37.35S,87D-12M-39.52S
2023,138319,0,42D-10M-5.03S,74D-6M-40.45S
2023,138320,0,45D-38M-26.05S,84D-36M-8.96S
2023,138321,0,40D-58M-22.59S,74D-23M-7.81S
2023,138322,1,45D-57M-17.41S,117D-27M-53.94S
2023,138323,0,39D-4M-55.97S,109D-7M-24.12S
2023,139001,1,33D-47M-5.97S,118D-17M-18.27S
2023,139002,0,30D-36M-55.87S,94D-11M-25.17S
2023,139003,0,42D-5M-49.81S,70D-52M-9.74S
2023,139004,0,42D-20M-12.01S,73D-30M-48.41S
2023,139005,1,41D-10M-2.29S,81D-0M-25.46S
2023,139006,1,36D-23M-46.94S,110D-52M-49.61S
2023,139007,1,48D-1M-25.18S,66D-44M-9.47S
2023,139008,0,41D-44M-3.76S,79D-57M-17.98S
2023,139009,0,47D-35M-1.03S,82D-45M-41.06S
2023,139010,0,38D-54M-38.19S,95D-53M-57.78S
2023,139011,0,33D-17M-9.64S,86D-19M-26.48S
2023,139012,0,36D-2M-5.29S,103D-37M-33.68S
2023,139013,1,41D-14M-21.2S,109D-44M-21.43S
2023,139014,0,41D-5M-24.69S,88D-50M-39.1S
2023,139015,0,39D-47M-24.95S,75D-49M-27.74S
2023,139016,1,37D-45M-26.95S,93D-51M-32.96S
2023,139017,0,40D-30M-43.31S,118D-21M-27.35S
2023,139018,0,38D-36M-44.55S,77D-3M-46.56S
2023,139019,1,26D-20M-56.35S,80D-50M-50.44S
2023,139020,1,41D-1M-33.25S,85D-29M-20.76S
2023,139021,0,51D-20M-15.84S,116D-59M-50.63S
2023,139022,0,59D-29M-0.4S,139D-10M-35.14S
2023,139023,1,48D-49M-12.61S,117D-14M-39.17S
2023,139024,1,47D-47M-10.85S,116D-40M-51.85S
2023,139025,1,49D-42M-17.52S,73D-4M-41.73S
2023,139026,0,45D-14M-26.57S,75D-55M-0.49S
2023,139027,0,42D-26M-36.76S,117D-40M-13.52S
2023,139028,0,44D-34M-49.46S,120D-15M-44.97S
2023,139029,0,39D-38M-33.64S,74D-18M-57.05S
2023,139030,0,39D-7M-43.37S,101D-43M-5.23S
2023,139031,0,44D-24M-28.31S,104D-21M-20.18S
2023,139032,0,44D-7M-12.62S,104D-50M-47.91S
2023,139033,1,41D-29M-24.43S,71D-14M-18.92S
2023,139034,1,58D-48M-57.84S,156D-42M-24.68S
2023,139035,1,38D-18M-29.81S,75D-34M-8.26S
2023,139036,0,33D-14M-32.16S,117D-24M-0.97S
2023,139037,1,47D-45M-30.79S,109D-26M-6.21S
2023,139038,1,42D-49M-25.37S,115D-5M-53.01S
2023,139039,1,48D-33M-46.97S,74D-10M-20.51S
2023,139040,1,32D-23M-46.94S,81D-29M-20.35S
2023,139041,1,32D-34M-36.44S,93D-31M-19.36S
2023,139042,0,49D-3M-16.39S,99D-14M-19.87S
2023,139043,0,37D-47M-3.93S,80D-3M-54.19S
2023,139044,0,39D-30M-12.56S,74D-33M-42.46S
2023,139045,0,39D-20M-40.41S,87D-23M-33.79S
2023,139046,0,38D-49M-51.68S,79D-59M-47.17S
2023,139107,0,26D-54M-11.15S,98D-26M-23.07S
2023,139114,1,43D-1M-3.38S,93D-34M-42.09S
2023,139117,0,36D-39M-57.21S,92D-57M-45.18S
2023,139127,1,38D-35M-29.45S,109D-34M-22.94S
2023,139137,1,43D-15M-53.64S,73D-25M-21.07S
2023,139145,0,35D-37M-54.84S,83D-36M-20.31S
2023,139900,0,45D-35M-27.39S,76D-39M-59.64S
2023,142001,0,49D-58M-17.7S,94D-43M-18.32S
2023,142002,0,37D-50M-7.51S,84D-27M-29.53S
2023,142003,0,45D-36M-21.72S,68D-30M-16.73S
2023,142004,0,47D-1M-41.49S,60D-38M-43.47S
2023,142005,1,34D-3M-31.03S,83D-19M-54.76S
2023,142006,0,35D-28M-8.38S,81D-24M-23.47S
2023,142007,1,46D-11M-53.31S,89D-38M-15.97S
2023,142008,1,36D-30M-43.18S,100D-20M-0.45S
2023,142009,0,35D-43M-17.39S,95D-34M-58.41S
2023,142010,1,34D-8M-9.34S,107D-16M-27.55S
2023,142011,0,40D-18M-41.62S,121D-8M-19.95S
2023,142012,0,40D-52M-36.11S,72D-48M-2.41S
2023,142013,0,43D-0M-32.73S,73D-12M-0.18S
2023,142014,1,39D-9M-48.76S,122D-36M-43.95S
2023,142015,0,41D-45M-15.48S,85D-28M-46.48S
2023,142016,1,49D-40M-25.75S,89D-55M-26.74S
2023,142017,0,62D-11M-18.63S,134D-6M-16.74S
2023,142018,0,39D-57M-5.92S,89D-45M-54.35S
2023,142019,1,57D-59M-28.89S,135D-27M-3.69S
2023,142020,0,46D-11M-42.65S,89D-4M-22.7S
2023,142021,0,32D-11M-18.6S,95D-45M-3.7S
2023,142022,0,31D-37M-54.98S,98D-39M-54.63S
2023,142023,0,51D-6M-59.9S,115D-6M-29.01S
2023,142024,1,44D-19M-6.93S,73D-2M-38.29S
2023,142025,0,36D-10M-42.07S,87D-1M-14.89S
2023,142026,0,35D-44M-49.65S,86D-11M-6.81S
2023,142027,1,29D-39M-17.93S,100D-25M-5.62S
2023,142028,0,34D-48M-11.6S,87D-44M-15.12S
2023,142029,0,40D-29M-46.33S,79D-29M-52.53S
2023,142030,1,32D-6M-53.72S,93D-15M-22S
2023,142031,1,46D-53M-15.66S,53D-41M-35.92S
2023,142032,0,61D-38M-16.3S,130D-30M-20S
2023,142033,1,48D-12M-0.54S,70D-45M-33.79S
2023,142034,1,37D-27M-46.44S,93D-31M-43.28S
2023,142036,0,37D-36M-9.99S,90D-46M-14.61S
2023,142037,0,41D-42M-54.48S,78D-5M-58.15S
2023,142038,0,44D-48M-10.4S,119D-25M-18.9S
2023,142039,0,37D-49M-32.82S,85D-42M-40.94S
2023,142040,1,31D-45M-52.58S,87D-45M-7.56S
2023,142050,0,50D-16M-23.86S,119D-5M-59.71S
2023,142051,0,31D-22M-47.51S,91D-12M-47.43S
2023,142052,0,40D-54M-21.68S,80D-32M-10.87S
2023,142053,0,38D-5M-34.38S,80D-14M-52.71S
2023,142054,0,30D-39M-24.19S,88D-47M-16.41S
2023,142055,0,30D-47M-21.15S,95D-49M-22S
2023,142056,0,44D-20M-45.81S,79D-11M-49.93S
2023,142057,0,47D-17M-25.06S,71D-11M-38.43S
2023,142058,0,36D-21M-49.57S,82D-4M-36.92S
2023,142059,0,46D-15M-42.36S,93D-48M-11.58S
2023,142060,0,33D-3M-38.01S,95D-49M-17.97S
2023,142061,1,36D-39M-34.55S,85D-23M-14.76S
2023,142062,0,42D-30M-16.93S,100D-43M-8.47S
2023,142101,1,41D-6M-37.84S,121D-16M-38.46S
2023,142102,0,49D-10M-30.66S,85D-46M-28.23S
2023,142104,0,37D-32M-53.83S,79D-18M-44.36S
2023,142105,0,44D-19M-51.01S,79D-11M-53.94S
2023,142106,0,37D-12M-8.83S,89D-16M-46.28S
2023,142107,1,34D-51M-53.66S,84D-3M-41.82S
2023,142108,0,45D-19M-17.31S,89D-37M-6.25S
2023,142113,1,36D-32M-28.13S,76D-32M-3.94S
2023,142114,0,28D-38M-43.92S,80D-47M-47.92S
2023,142121,0,40D-7M-14.71S,113D-52M-1.1S
2023,142122,0,40D-11M-26.98S,76D-17M-49.05S
2023,142125,1,39D-42M-48.75S,111D-20M-35.16S
2023,142128,0,40D-36M-1.21S,81D-10M-32.55S
2023,142137,0,46D-31M-47.21S,91D-25M-19.69S
2023,142139,0,37D-39M-49.85S,106D-40M-11.41S
2023,142140,0,32D-49M-47.06S,86D-7M-28.16S
2023,142208,1,45D-12M-1.45S,100D-37M-52.41S
2023,142214,0,41D-49M-22.57S,74D-0M-42.2S
2023,142221,1,36D-28M-39.26S,88D-1M-37.98S
2023,142301,1,33D-38M-5.41S,89D-53M-51.87S
2023,142302,1,51D-4M-46.93S,102D-45M-45.75S
2023,142303,1,37D-23M-37.81S,101D-15M-54.01S
2023,142304,1,36D-13M-21.81S,99D-34M-53.91S
2023,142305,0,33D-17M-1.88S,102D-47M-16.45S
2023,142306,0,45D-35M-52.84S,96D-6M-31.19S
2023,142307,1,46D-38M-32.98S,79D-7M-57.15S
2023,142308,1,41D-26M-24.79S,83D-5M-43.79S
2023,142309,0,45D-22M-20.6S,76D-39M-57.99S
2023,142310,0,29D-53M-42.32S,98D-39M-29.38S
2023,142311,0,47D-14M-20.84S,69D-23M-44.15S
2023,142312,0,39D-45M-34.25S,76D-37M-20.4S
2023,142313,1,61D-7M-9.84S,145D-40M-24.58S
2023,142314,1,41D-40M-26.94S,121D-15M-29.7S
2023,142414,0,47D-19M-44.66S,94D-18M-48.95S
2023,142901,1,38D-55M-0.3S,96D-46M-18.95S
2023,142902,1,50D-58M-27.82S,115D-3M-17.15S
2023,142903,1,43D-53M-39.76S,86D-14M-4.93S
2023,142904,1,41D-29M-14.18S,120D-6M-17.65S
2023,142905,1,39D-56M-46.72S,121D-2M-58.66S
2023,142906,1,41D-32M-15.19S,77D-52M-13.09S
2023,143001,0,46D-44M-23.83S,80D-18M-56.66S
2023,143002,0,48D-43M-34.01S,65D-0M-28.21S
2023,143003,0,37D-47M-15.85S,108D-5M-49.02S
2023,143004,0,44D-58M-43.77S,95D-27M-54.15S
2023,143005,0,48D-55M-34.38S,88D-52M-16.97S
2023,143006,0,47D-56M-40.16S,68D-55M-30.12S
2023,143007,1,41D-55M-11.78S,98D-39M-51.21S
2023,143008,0,42D-30M-4.41S,79D-2M-19.77S
2023,143009,0,48D-52M-4.96S,111D-38M-42.57S
2023,143010,0,41D-27M-42.96S,119D-48M-59.46S
2023,143011,0,34D-35M-18.06S,95D-21M-30.36S
2023,143012,0,30D-54M-16.2S,98D-45M-12.12S
2023,144001,0,50D-44M-53.03S,98D-13M-18.44S
2023,144002,0,40D-53M-47.45S,93D-9M-58.53S
2023,144003,1,30D-44M-53.19S,88D-43M-13.32S
2023,144004,0,40D-29M-23.82S,84D-11M-8.97S
2023,144005,1,36D-3M-44.68S,118D-7M-38.41S
2023,144006,0,30D-29M-16.84S,88D-23M-6.89S
2023,144007,0,37D-56M-23.86S,121D-10M-23.68S
2023,144008,1,43D-9M-42.78S,80D-55M-24.06S
2023,144009,0,39D-10M-51.98S,105D-33M-2.74S
2023,144010,1,34D-2M-57.06S,105D-9M-38.07S
2023,144011,0,50D-46M-50.86S,102D-4M-54.86S
2023,144012,0,44D-3M-5.93S,92D-0M-37.07S
2023,144013,0,39D-58M-3.61S,74D-52M-44.94S
2023,144014,0,35D-5M-7.59S,117D-55M-20.03S
2023,144015,0,50D-40M-51.02S,119D-20M-10.34S
2023,144016,1,49D-27M-8.59S,115D-30M-36.69S
2023,144017,1,51D-9M-0.22S,105D-51M-12.94S
2023,144018,1,38D-6M-29.87S,87D-24M-40.8S
2023,144019,1,32D-29M-31.79S,109D-22M-33.69S
2023,144020,1,38D-21M-15.8S,112D-4M-19.78S
2023,144021,0,35D-55M-48.32S,116D-15M-30.59S
2023,144022,0,43D-51M-46.73S,119D-31M-52.39S
2023,144023,1,52D-24M-3.57S,108D-35M-23.42S
2023,144024,0,45D-49M-58.48S,106D-28M-54.07S
2023,144025,0,33D-41M-34.52S,105D-4M-3.51S
2023,144026,1,31D-19M-4.59S,87D-6M-59.27S
2023,144027,1,38D-34M-57.91S,109D-46M-3.01S
2023,144028,0,42D-50M-21.31S,117D-36M-2.47S
2023,144029,0,35D-48M-57.15S,120D-27M-59.89S
2023,144030,0,39D-27M-40.4S,80D-11M-38.76S
2023,144031,1,50D-30M-33.28S,101D-13M-46.55S
2023,144032,1,46D-23M-12.67S,118D-53M-16.84S
2023,144033,0,40D-25M-27.73S,74D-11M-28.01S
2023,144034,0,45D-9M-56.68S,74D-44M-48.54S
2023,144035,1,38D-20M-30.94S,110D-17M-25.34S
2023,144036,0,45D-25M-52.69S,63D-42M-14.98S
2023,144037,0,38D-35M-50.48S,118D-28M-5.03S
2023,144038,0,48D-18M-46.22S,68D-4M-15.18S
2023,144039,0,45D-38M-28.66S,65D-43M-31.23S
2023,144040,0,42D-5M-44.75S,78D-35M-2.75S
2023,144041,0,40D-20M-50.07S,74D-31M-4.3S
2023,144042,1,39D-39M-29.62S,80D-47M-56.43S
2023,144043,1,33D-39M-51.75S,79D-27M-9.89S
2023,144044,0,31D-27M-45.94S,86D-36M-49.22S
2023,144045,1,43D-33M-26.86S,89D-11M-7.87S
2023,144046,0,37D-44M-23.57S,108D-11M-4.26S
2023,144047,1,38D-11M-39.14S,77D-13M-41.72S
2023,144048,0,40D-56M-40.01S,80D-54M-42.44S
2023,144049,0,36D-20M-6.5S,118D-59M-9.94S
2023,144050,0,38D-23M-25.48S,85D-11M-24.53S
2023,144051,0,46D-52M-44.14S,71D-5M-8.43S
2023,144052,0,45D-26M-21.99S,116D-10M-47.4S
2023,144053,1,41D-53M-34.42S,86D-33M-26.48S
2023,144054,0,38D-32M-17.45S,80D-55M-10.75S
2023,144055,0,36D-28M-37.61S,79D-51M-56.48S
2023,144056,0,34D-21M-32.42S,119D-15M-41.77S
2023,144057,0,41D-23M-13.65S,73D-29M-56.09S
2023,144058,0,50D-37M-37.24S,104D-55M-8.17S
2023,144059,0,42D-25M-37.87S,92D-29M-19.16S
2023,144060,1,53D-43M-48.31S,106D-43M-37.32S
2023,144115,0,41D-57M-54.66S,122D-26M-51.3S
2023,144117,0,53D-25M-38.43S,65D-5M-13.73S
2023,144120,0,28D-40M-37.03S,100D-2M-12.93S
2023,144134,1,34D-8M-52.41S,97D-11M-33.73S
2023,144144,0,41D-33M-7.43S,76D-44M-13.94S
2023,144147,1,33D-55M-44.84S,78D-12M-7.34S
2023,145001,0,35D-11M-30.84S,82D-17M-15.44S
2023,145002,0,41D-58M-5.76S,73D-56M-42.77S
2023,145003,0,30D-14M-38.96S,82D-24M-51.92S
2023,145005,0,55D-59M-35.05S,117D-9M-44.42S
2023,145007,0,26D-57M-20.4S,81D-29M-35.75S
2023,145009,0,44D-30M-53.36S,117D-45M-47.46S
2023,145011,1,32D-24M-38.23S,83D-29M-19.62S
2023,145012,0,46D-42M-50.03S,113D-12M-55.77S
2023,145013,1,38D-56M-21.09S,76D-48M-1.23S
2023,145014,0,43D-39M-7.09S,105D-27M-47.74S
2023,145016,0,41D-58M-57.99S,113D-38M-45.61S
2023,145018,0,26D-50M-8.23S,81D-41M-40.41S
2023,145020,0,38D-26M-12.33S,106D-6M-56.05S
2023,145021,1,39D-15M-9.19S,79D-16M-26.12S
2023,145022,1,41D-15M-14.99S,82D-15M-54.45S
2023,145024,0,30D-17M-30.39S,84D-55M-14.5S
2023,145026,0,34D-25M-6S,77D-46M-8.18S
2023,145027,0,45D-50M-57.45S,68D-23M-44.15S
2023,145030,0,42D-44M-41.03S,102D-13M-36.62S
2023,145032,0,37D-15M-54.98S,107D-12M-2.27S
2023,145033,1,40D-30M-51.89S,109D-24M-8.28S
2023,145037,0,45D-17M-7.47S,117D-13M-43.12S
2023,145040,1,31D-44M-9.82S,103D-0M-48.55S
2023,145041,0,43D-18M-13.92S,104D-29M-44.47S
2023,145042,1,43D-51M-48.96S,106D-58M-58.75S
2023,145043,0,44D-45M-39.3S,77D-56M-36.98S
2023,145047,0,40D-9M-49.33S,81D-48M-48.8S
2023,145048,0,33D-38M-38.55S,85D-45M-37.09S
2023,145049,0,48D-44M-41.84S,96D-16M-23.78S
2023,145054,0,42D-31M-42.9S,124D-24M-32.74S
2023,145055,0,37D-25M-27.79S,108D-31M-40.61S
2023,145060,1,29D-1M-7.54S,96D-55M-40.18S
2023,145061,0,34D-42M-30.74S,110D-46M-52.65S
2023,145065,1,45D-28M-39.81S,88D-2M-46.1S
2023,145066,0,33D-52M-43.62S,88D-39M-4.39S
2023,145067,0,31D-39M-42.62S,85D-38M-47.65S
2023,145070,0,36D-44M-25.03S,82D-54M-27.51S
2023,145071,0,63D-40M-47.69S,142D-20M-57.56S
2023,145072,1,39D-53M-42.93S,79D-4M-30.52S
2023,145075,1,64D-57M-55.23S,148D-5M-33.78S
2023,145076,1,50D-37M-4.17S,115D-59M-40.23S
2023,145077,0,51D-43M-37.57S,107D-9M-35.75S
2023,145100,0,47D-37M-48.86S,77D-47M-38.23S
2023,145101,0,38D-15M-22.28S,79D-28M-27.05S
2023,145102,0,38D-53M-59.32S,82D-47M-46.06S
2023,145103,0,36D-19M-52.87S,120D-20M-27.02S
2023,145105,0,62D-48M-34.51S,143D-50M-2.74S
2023,145107,0,52D-14M-4.7S,123D-29M-39.4S
2023,145109,0,32D-44M-34.9S,91D-42M-40.04S
2023,145111,1,44D-8M-55.42S,73D-46M-8.93S
2023,145112,1,48D-9M-41.68S,71D-36M-53.84S
2023,145113,0,43D-25M-0.05S,113D-28M-11.68S
2023,145114,0,44D-11M-31.07S,121D-15M-2.91S
2023,145116,0,36D-18M-20.82S,89D-22M-31.74S
2023,145118,0,50D-51M-5.3S,116D-28M-43.58S
2023,145120,1,53D-28M-38.81S,105D-34M-25.29S
2023,145121,0,52D-25M-40.62S,103D-23M-47.67S
2023,145124,0,47D-20M-29.23S,72D-50M-31.29S
2023,145201,0,32D-50M-12.12S,114D-30M-11.62S
2023,145202,0,36D-42M-48.62S,99D-44M-40.54S
2023,145203,0,48D-8M-28.38S,122D-20M-34.31S
2023,145205,0,40D-35M-59S,121D-33M-10.48S
2023,145207,0,36D-20M-11.69S,94D-40M-47.04S
2023,145209,1,49D-54M-0.53S,95D-59M-23.27S
2023,145213,0,32D-13M-57.6S,95D-31M-35.87S
2023,145214,1,50D-25M-48.65S,95D-42M-12.89S
2023,145216,1,46D-18M-32.56S,100D-48M-31.89S
2023,145218,0,44D-13M-14.7S,90D-22M-56.35S
2023,145220,1,38D-40M-52.99S,95D-7M-32.12S
2023,145320,1,40D-57M-42.45S,75D-32M-12.57S
2023,146001,0,34D-48M-17.83S,119D-33M-33.86S
2023,146002,0,42D-39M-59.92S,74D-24M-20.39S
2023,146003,0,54D-1M-34.51S,116D-15M-31.28S
2023,146004,0,35D-22M-12.03S,98D-23M-20.81S
2023,146005,1,37D-41M-11.96S,114D-43M-10.31S
2023,146006,0,30D-23M-12.28S,85D-52M-44.87S
2023,146007,0,33D-33M-29.13S,114D-6M-43.42S
2023,146008,0,39D-24M-10.77S,118D-43M-9.21S
2023,146009,0,45D-33M-51.25S,96D-6M-40.5S
2023,146010,0,50D-39M-6.92S,102D-5M-10.54S
2023,146011,0,50D-37M-40.58S,113D-2M-24.56S
2023,146012,0,55D-34M-6.44S,121D-35M-18.09S
2023,146013,0,62D-33M-20.36S,143D-20M-14.57S
2023,146014,1,38D-39M-47.97S,103D-15M-52.39S
2023,146015,1,41D-38M-46.49S,77D-57M-54.08S
2023,146016,0,51D-24M-7.72S,107D-19M-48.73S
2023,146017,1,44D-56M-39.22S,97D-56M-47.54S
2023,146018,1,37D-30M-10.05S,106D-31M-20.07S
2023,146019,0,44D-21M-11.1S,77D-4M-56.96S
2023,146020,1,53D-9M-30.62S,107D-40M-26.43S
2023,146021,0,34D-38M-19.12S,87D-12M-11.07S
2023,146022,0,35D-18M-2.75S,119D-15M-36.28S
2023,146023,0,36D-47M-4.67S,87D-58M-54.67S
2023,146024,1,43D-6M-48.61S,108D-39M-55.17S
2023,146025,0,52D-12M-17.46S,77D-3M-36.14S
2023,146026,0,42D-28M-4.4S,83D-51M-12.05S
2023,146027,0,33D-11M-27.05S,106D-59M-38.48S
2023,146028,1,37D-9M-56.91S,94D-7M-42.6S
2023,146029,0,37D-40M-39.86S,110D-50M-47.91S
2023,146030,0,48D-50M-54.71S,104D-51M-33.29S
2023,146031,0,45D-30M-47.94S,74D-28M-14.81S
2023,146032,1,47D-38M-36.06S,81D-10M-51.44S
2023,146033,0,35D-9M-44.41S,111D-56M-53.68S
2023,146034,1,37D-9M-55.62S,120D-24M-7.3S
2023,146035,0,30D-29M-36.04S,91D-45M-14.62S
2023,146036,0,38D-12M-15.53S,79D-9M-54.5S
2023,146037,0,53D-55M-13.06S,121D-45M-9.48S
2023,146038,0,48D-25M-2.05S,123D-22M-8.46S
2023,146039,0,40D-9M-6.66S,86D-42M-1.66S
2023,146040,1,33D-2M-36.39S,115D-10M-5.46S
2023,146041,0,54D-42M-27.99S,112D-23M-7.2S
2023,146042,1,44D-58M-40S,75D-33M-34.81S
2023,146043,0,65D-0M-40.25S,165D-0M-13.67S
2023,146044,0,41D-27M-8.07S,78D-43M-45.34S
2023,146045,0,36D-23M-5.08S,96D-3M-16S
2023,146046,0,45D-6M-53.4S,64D-41M-19.47S
2023,146047,0,42D-31M-13.16S,75D-44M-54.43S
2023,146048,0,47D-46M-2.11S,95D-50M-38.53S
2023,146049,1,39D-43M-34.13S,107D-16M-15.89S
2023,146050,0,43D-3M-39.4S,75D-26M-14.44S
2023,146051,1,38D-26M-58.36S,84D-10M-13.7S
2023,146052,0,45D-25M-49.79S,107D-40M-37.44S
2023,146053,0,49D-40M-27.88S,126D-8M-53.07S
2023,146054,1,31D-45M-23.06S,87D-38M-54.69S
2023,146055,1,30D-59M-56.52S,105D-33M-8.73S
2023,146102,0,66D-55M-39.66S,162D-40M-34.26S
2023,146110,1,48D-25M-53.87S,108D-43M-46.16S
2023,146112,1,42D-48M-44.31S,72D-10M-40.64S
2023,146121,0,36D-54M-30.47S,116D-46M-48.61S
2023,146123,1,60D-54M-21.89S,149D-27M-0.51S
2023,146125,0,46D-48M-58.52S,122D-25M-37.36S
2023,146126,0,56D-55M-58.4S,101D-50M-8.49S
2023,146145,0,37D-54M-44.67S,87D-37M-55.99S
2023,146149,0,48D-45M-33.8S,121D-13M-20.12S
2023,146150,0,44D-52M-53.22S,88D-10M-6.92S
2023,146900,0,46D-6M-34.74S,121D-49M-37.02S
2023,146901,0,33D-29M-4.79S,115D-38M-47.09S
2023,146902,1,48D-4M-18.07S,84D-33M-35.86S
2023,147001,0,48D-14M-5.38S,81D-50M-6.61S
2023,147002,0,60D-28M-26.27S,150D-16M-28.23S
2023,147003,0,44D-33M-12.94S,114D-13M-24.91S
2023,147004,0,49D-7M-9.24S,120D-14M-28.78S
2023,147005,0,39D-27M-36.12S,92D-11M-19.65S
2023,147006,0,40D-15M-44.35S,102D-31M-26.38S
2023,147007,1,39D-12M-45.42S,102D-26M-5.81S
2023,147008,0,47D-34M-32.03S,54D-51M-36.3S
2023,147009,0,37D-32M-30.95S,108D-31M-32.97S
2023,147010,0,42D-15M-59.48S,117D-38M-4.74S
2023,147011,0,45D-34M-44.84S,93D-30M-28.85S
2023,147012,0,34D-58M-5.54S,86D-42M-14.82S
2023,147013,1,32D-54M-55.32S,116D-28M-21.09S
2023,147014,1,41D-56M-35.6S,115D-25M-57.58S
2023,147015,0,44D-59M-17.73S,107D-14M-21.33S
2023,147016,1,41D-59M-6.76S,111D-35M-32.34S
2023,147017,0,41D-37M-38.05S,79D-0M-47.19S
2023,147018,0,30D-21M-21.26S,82D-26M-2.55S
2023,147019,0,41D-35M-39.04S,72D-51M-50.27S
2023,147020,0,49D-5M-18.03S,116D-28M-40.03S
2023,147021,0,39D-29M-9.05S,100D-38M-40.31S
2023,147022,0,46D-21M-58.58S,76D-26M-41.96S
2023,147102,0,30D-8M-4.79S,101D-19M-55.47S
2023,147112,1,29D-21M-17.46S,98D-16M-18.7S
2023,147113,1,33D-48M-54.48S,98D-14M-51.2S
2023,147120,1,38D-50M-30.24S,78D-12M-28.78S
2023,147900,0,33D-31M-41.51S,107D-13M-25.64S
2023,147901,1,45D-5M-11.84S,73D-20M-35.73S
2023,149001,1,37D-49M-52.82S,100D-52M-38.95S
2023,149002,0,38D-33M-42.68S,106D-45M-49.53S
2023,149003,0,26D-46M-22.43S,81D-52M-26.54S
2023,149004,0,50D-33M-14.6S,114D-5M-23.53S
2023,149005,0,48D-17M-34.61S,92D-33M-3.88S
2023,149006,1,38D-10M-3.26S,107D-44M-28.33S
2023,149007,1,36D-29M-33.72S,80D-33M-21.47S
2023,149008,0,40D-56M-13.89S,88D-57M-10.88S
2023,149009,0,34D-34M-35.47S,117D-2M-27.5S
2023,149010,0,45D-50M-27.35S,91D-18M-49.5S
2023,149011,0,43D-31M-25.06S,103D-28M-41.4S
2023,149012,0,35D-39M-57.13S,104D-22M-20.04S
2023,149013,0,36D-43M-56.97S,120D-15M-23.06S
2023,149014,0,34D-47M-55.04S,98D-16M-43.6S
2023,149015,0,28D-34M-55.07S,81D-9M-3.93S
2023,149016,1,37D-35M-34.58S,120D-50M-12.12S
2023,149017,0,34D-18M-7.67S,78D-35M-29.74S
2023,149018,1,34D-59M-15.01S,99D-58M-16.03S
2023,149019,0,44D-32M-24.62S,93D-44M-26.89S
2023,149020,0,31D-26M-36.86S,96D-35M-48.05S
2023,149021,0,43D-3M-5.66S,85D-53M-57.69S
2023,149022,0,49D-17M-39.87S,68D-27M-3.48S
2023,149023,0,34D-20M-50.38S,116D-49M-22.8S
2023,149024,1,31D-11M-26.63S,91D-40M-17.76S
2023,149025,1,43D-28M-8.55S,89D-2M-32.01S
2023,149026,0,31D-32M-28.72S,106D-6M-20.97S
2023,149027,0,37D-25M-56.64S,83D-58M-32.16S
2023,149028,1,31D-37M-12.92S,98D-39M-40.15S
2023,149029,0,43D-38M-59.35S,88D-30M-22.08S
2023,149030,1,43D-44M-18.98S,90D-19M-18.51S
2023,149031,1,41D-34M-50.32S,85D-40M-41.25S
2023,149032,0,46D-2M-27.44S,75D-34M-20.94S
2023,149033,0,50D-1M-46.07S,125D-9M-55.52S
2023,149034,1,40D-58M-15.78S,123D-43M-42.91S
2023,149035,1,36D-6M-5.01S,91D-45M-22.15S
2023,149036,0,38D-31M-1.72S,75D-26M-2.89S
2023,149037,1,37D-37M-22.76S,87D-37M-44.52S
2023,149038,1,36D-46M-22.82S,96D-3M-20.82S
2023,149039,0,39D-40M-30.21S,98D-6M-48.78S
2023,149040,1,60D-23M-9.7S,134D-50M-58.64S
2023,149041,1,45D-59M-6.19S,105D-28M-56.07S
2023,149042,0,41D-31M-45.58S,79D-21M-33.33S
2023,149043,0,53D-15M-16.51S,120D-4M-15.22S
2023,149044,0,60D-13M-32.02S,151D-25M-15.58S
2023,149045,0,29D-54M-5.15S,104D-5M-42.19S
2023,149046,0,32D-11M-35.37S,82D-57M-23.76S
2023,149047,0,32D-58M-44.43S,92D-33M-0.82S
2023,149048,1,48D-33M-36.05S,116D-25M-3.51S
2023,149049,0,44D-19M-31.59S,80D-28M-10.32S
2023,149050,0,46D-44M-52.41S,120D-36M-10.76S
2023,149051,1,48D-3M-14.84S,118D-30M-43.32S
2023,149052,1,27D-54M-20.42S,82D-14M-16.09S
2023,149053,0,29D-41M-37.93S,90D-59M-41.84S
2023,149054,0,39D-44M-8.73S,94D-4M-25.34S
2023,149055,0,36D-17M-39.9S,84D-25M-28.5S
2023,149056,1,45D-45M-53.47S,114D-27M-13.3S
2023,149057,0,42D-54M-43.75S,75D-28M-31.18S
2023,149058,0,29D-47M-58.77S,85D-18M-33.09S
2023,149059,0,47D-0M-54.04S,64D-50M-33.87S
2023,149060,1,47D-37M-41.67S,93D-14M-42.77S
2023,149061,1,49D-52M-50.83S,78D-38M-48.07S
2023,149062,0,34D-30M-1.32S,86D-41M-42.76S
2023,149063,0,31D-40M-1.76S,88D-31M-21.42S
2023,149064,1,31D-36M-44.7S,81D-37M-36.73S
2023,149065,0,43D-11M-37.51S,103D-10M-36.99S
2023,149066,1,33D-23M-15.93S,99D-40M-26.29S
2023,149067,0,37D-16M-45.22S,121D-38M-48.38S
2023,149068,0,47D-32M-18.64S,80D-38M-7S
2023,149069,1,29D-51M-40.02S,91D-11M-45.45S
2023,149070,1,31D-33M-34.99S,93D-30M-20.97S
2023,149071,0,38D-13M-50.23S,75D-9M-44.25S
2023,149072,1,43D-42M-13.85S,85D-24M-12.16S
2023,149073,0,41D-39M-13.42S,92D-14M-41.51S
2023,149128,0,33D-0M-5.6S,82D-46M-40.54S
2023,149130,1,43D-2M-55.88S,90D-39M-16.69S
2023,149131,1,30D-16M-12.08S,91D-27M-7.95S
2023,149162,1,48D-30M-13.57S,75D-14M-24.73S
2023,149165,0,42D-44M-48.25S,76D-49M-54.47S
2023,149166,1,45D-16M-57.27S,78D-48M-24.94S
2023,149167,0,37D-26M-32.53S,81D-36M-17.75S
2023,149168,0,35D-0M-15.26S,84D-41M-19.69S
2023,149172,1,53D-46M-34.01S,111D-15M-4.78S
2023,149230,1,44D-14M-5.48S,123D-56M-10.66S
2023,149900,0,63D-8M-23.41S,130D-15M-50.16S
2023,149901,0,43D-50M-6.93S,120D-12M-2.59S
2023,149902,0,43D-45M-0.11S,74D-29M-49.47S
2023,149903,1,52D-7M-4.06S,122D-21M-41.37S
2023,149904,0,54D-34M-58.96S,110D-45M-41.17S
2023,149905,1,31D-15M-46.86S,99D-34M-4.2S
2023,149906,1,32D-15M-31.87S,81D-2M-17.67S
2023,149907,0,41D-32M-35.33S,88D-34M-13.31S
2023,149908,0,43D-59M-49.37S,69D-34M-17.5S
2023,149909,0,37D-49M-23.37S,113D-28M-39.73S
2023,149910,1,54D-4M-38.23S,110D-56M-34.4S
2023,150001,1,59D-33M-22.96S,160D-5M-13.25S
2023,150002,1,42D-31M-15.43S,86D-8M-55.43S
2023,150003,0,39D-34M-39.47S,98D-10M-23.73S
2023,150004,0,32D-13M-48.06S,99D-16M-7.41S
2023,150005,0,35D-4M-40.41S,119D-22M-58.11S
2023,150006,0,40D-6M-31.08S,90D-0M-19.29S
2023,150007,1,31D-7M-44.69S,102D-20M-40.78S
2023,150008,1,42D-31M-48.01S,90D-24M-28.65S
2023,150009,0,38D-10M-36.09S,76D-34M-18.3S
2023,150010,0,38D-19M-52.84S,96D-30M-59.79S
2023,150011,0,49D-11M-27.39S,122D-47M-18.81S
2023,150012,0,41D-13M-5.01S,76D-26M-43.49S
2023,150013,1,42D-21M-0.47S,72D-51M-35.36S
2023,150014,0,28D-32M-13.92S,96D-30M-34.43S
2023,150015,1,53D-41M-58.96S,103D-19M-53.42S
2023,150016,1,40D-25M-35.29S,87D-3M-17.02S
2023,150017,0,42D-42M-11.42S,83D-22M-4.43S
2023,150018,0,49D-3M-39.59S,99D-50M-23.95S
2023,150019,0,33D-35M-24.37S,92D-42M-47.68S
2023,150020,1,43D-42M-29.21S,85D-26M-38.45S
2023,150021,1,46D-7M-59.74S,78D-57M-9.51S
2023,150022,0,33D-55M-10.67S,115D-55M-54.91S
2023,150023,0,45D-8M-41.51S,81D-23M-28.77S
2023,150024,0,46D-18M-10.22S,69D-57M-22.12S
2023,150025,1,52D-12M-19.52S,113D-14M-35.96S
2023,150026,0,62D-10M-11.02S,146D-30M-40.08S
2023,150027,0,37D-20M-46.83S,92D-50M-2.41S
2023,150028,1,46D-15M-17.05S,76D-19M-23.9S
2023,150029,1,38D-25M-51.16S,82D-58M-34.63S
2023,150030,0,42D-43M-21.15S,89D-58M-59.43S
2023,150031,1,35D-22M-55.41S,89D-5M-59.81S
2023,150032,0,40D-33M-47.53S,95D-51M-12.85S
2023,150033,0,38D-30M-5.17S,76D-34M-45.37S
2023,150034,0,38D-57M-33.23S,75D-32M-40.18S
2023,150035,0,44D-14M-37.04S,96D-57M-2.77S
2023,150036,1,36D-3M-0.55S,77D-43M-12.8S
2023,150037,1,42D-36M-55.12S,78D-22M-41.58S
2023,150038,1,62D-32M-14.49S,145D-30M-55.78S
2023,150039,0,39D-25M-36.6S,110D-48M-1.76S
2023,150040,0,26D-57M-42.14S,81D-59M-18.64S
2023,150041,0,26D-23M-58.02S,80D-12M-19.77S
2023,150042,0,47D-39M-36.56S,114D-8M-32.33S
2023,150043,1,40D-37M-45.71S,123D-1M-13.54S
2023,150044,1,32D-8M-25.71S,83D-34M-14.44S
2023,150045,1,39D-53M-0.03S,74D-30M-7.82S
2023,150046,0,43D-19M-3.27S,114D-7M-24.34S
2023,150047,0,39D-49M-51.49S,108D-9M-25.63S
2023,150048,0,46D-24M-20.93S,82D-39M-21.39S
2023,150049,0,48D-14M-17.91S,69D-30M-12.02S
2023,150050,1,43D-21M-4.29S,83D-26M-39.03S
2023,150051,0,46D-16M-7.18S,70D-32M-34.51S
2023,150052,0,62D-15M-10.71S,150D-15M-40.99S
2023,150053,1,38D-37M-9.16S,76D-49M-42.79S
2023,150054,0,26D-5M-51.06S,80D-18M-55.14S
2023,150055,1,32D-42M-22.56S,82D-45M-39.57S
2023,150056,0,39D-55M-28.38S,85D-5M-3.51S
2023,150057,0,32D-48M-42.7S,116D-27M-18.88S
2023,150058,1,44D-47M-8.85S,110D-28M-13.1S
2023,150059,0,41D-28M-57.55S,89D-5M-56.28S
2023,150060,0,43D-40M-42.15S,102D-53M-31.47S
2023,150061,0,50D-48M-25.33S,115D-19M-46.14S
2023,150062,0,45D-44M-0.46S,70D-15M-33.23S
2023,150063,1,62D-41M-23.81S,115D-22M-19.58S
2023,150064,0,37D-49M-5.29S,99D-23M-5.97S
2023,150065,1,61D-22M-48.54S,133D-3M-11.67S
2023,150066,0,48D-54M-15.68S,64D-38M-5.57S
2023,150067,1,48D-25M-16.55S,72D-50M-57.5S
2023,150068,1,43D-42M-4.55S,117D-22M-17.61S
2023,150069,1,30D-35M-3.91S,89D-26M-9.43S
2023,150070,0,32D-20M-43.2S,107D-50M-34.22S
2023,150071,1,40D-34M-50.54S,103D-39M-57.99S
2023,150072,1,42D-20M-32.97S,120D-45M-6.19S
2023,150073,1,44D-53M-7.22S,70D-26M-37.69S
2023,150074,1,35D-11M-52.11S,85D-39M-42.44S
2023,150075,1,44D-1M-54.92S,79D-58M-35.05S
2023,150076,1,34D-43M-23.61S,94D-32M-52.26S
2023,150077,1,48D-35M-9.79S,122D-29M-6.66S
2023,150078,0,39D-1M-47.34S,76D-26M-20.29S
2023,150079,1,38D-13M-5.98S,83D-57M-48.92S
2023,150080,0,51D-28M-49.84S,90D-9M-42.94S
2023,150081,0,40D-17M-40.54S,81D-51M-44.24S
2023,150082,0,62D-1M-31.45S,140D-35M-28.2S
2023,150139,0,26D-34M-6.56S,81D-14M-10.07S
2023,150140,1,41D-59M-29S,114D-59M-38.58S
2023,150179,0,48D-40M-5.18S,102D-41M-50.64S
2023,150900,0,42D-39M-1.28S,103D-28M-13.65S
2023,150902,0,46D-58M-2.99S,65D-48M-54.72S
2023,150903,1,42D-49M-6.39S,72D-41M-0.1S
2023,150904,0,37D-21M-42.77S,119D-34M-15.68S
2023,151001,0,35D-25M-35.9S,93D-36M-5.68S
2023,151002,0,45D-57M-8.26S,101D-33M-24.6S
2023,151003,0,35D-16M-23.53S,83D-13M-26.23S
2023,151004,0,27D-32M-1.1S,97D-56M-15.97S
2023,151005,0,30D-16M-54.07S,89D-54M-14.53S
2023,151006,0,53D-42M-40.78S,124D-47M-3.13S
2023,151007,0,42D-48M-4.25S,82D-38M-10.53S
2023,151008,0,33D-52M-54.68S,86D-24M-29.01S
2023,151009,1,39D-2M-5.64S,74D-53M-23.42S
2023,151010,0,45D-5M-49.94S,90D-32M-44.93S
2023,151011,0,38D-48M-39.12S,94D-54M-39.62S
2023,151012,1,58D-0M-2.38S,135D-5M-15.61S
2023,151013,0,30D-0M-42.12S,84D-31M-33.51S
2023,151014,0,41D-17M-36.4S,99D-32M-35.99S
2023,151015,0,37D-38M-3.16S,104D-17M-26.49S
2023,151016,0,44D-43M-26.72S,123D-15M-14.18S
2023,151017,0,36D-36M-29.33S,108D-55M-7.85S
2023,151018,0,32D-28M-1.4S,88D-47M-24.46S
2023,151019,1,46D-47M-54.32S,81D-36M-39.04S
2023,151020,1,51D-24M-54.8S,101D-15M-6.48S
2023,151021,0,35D-59M-9.62S,102D-34M-17.73S
2023,151022,0,40D-48M-40.68S,84D-57M-59.14S
2023,151023,1,47D-39M-38.91S,122D-2M-55.91S
2023,151024,1,36D-1M-22.93S,102D-8M-15.66S
2023,151025,0,32D-5M-59.63S,90D-35M-45.87S
2023,151026,0,37D-22M-59.33S,88D-21M-20.86S
2023,151027,1,44D-22M-35.28S,108D-9M-2.66S
2023,151028,0,41D-59M-18.22S,104D-17M-23.41S
2023,151029,0,40D-8M-7.55S,123D-38M-15.64S
2023,151030,0,30D-55M-6.4S,101D-40M-37.52S
2023,151101,1,38D-12M-35.06S,93D-51M-51.51S
2023,151104,0,45D-53M-35.42S,111D-48M-42.44S
2023,151113,1,28D-39M-39.02S,82D-10M-43.33S
2023,151119,0,39D-59M-35.45S,79D-31M-36.91S
2023,151129,0,35D-44M-48.19S,76D-59M-7.2S
2023,151229,0,38D-27M-29.91S,93D-13M-57.83S
2023,151900,0,38D-51M-32.48S,97D-14M-2.59S
2023,151901,0,39D-37M-42.26S,88D-23M-2.72S
2023,151902,0,32D-15M-5.93S,92D-19M-19S
2023,151903,0,25D-25M-0.3S,80D-40M-52.28S
2023,151904,1,45D-50M-59.38S,121D-21M-31.01S
2023,151905,0,47D-39M-29.13S,70D-37M-23.1S
2023,151906,0,51D-24M-27.98S,105D-49M-37.28S
2023,152001,0,47D-48M-12.15S,78D-38M-22.97S
2023,152002,1,40D-41M-51.94S,84D-51M-10.63S
2023,152003,1,32D-45M-26.77S,93D-32M-41.38S
2023,152004,0,45D-25M-50.05S,74D-10M-19.67S
2023,152005,0,44D-38M-6.31S,112D-3M-19.44S
2023,152006,0,43D-17M-44.54S,97D-52M-48.41S
2023,152007,0,40D-14M-0.14S,121D-57M-24.91S
2023,152008,0,39D-2M-1.27S,86D-17M-9.68S
2023,152009,0,38D-53M-59.19S,117D-11M-32.28S
2023,152010,1,33D-32M-7.49S,87D-0M-55.4S
2023,152011,1,47D-19M-53.33S,69D-9M-33.93S
2023,152012,0,35D-47M-51.1S,115D-11M-30.65S
2023,152013,1,58D-20M-48.44S,134D-30M-2.34S
2023,152014,0,43D-20M-7.35S,92D-15M-5.65S
2023,152015,0,33D-23M-23.18S,99D-40M-29.55S
2023,152016,0,35D-44M-9.21S,102D-15M-31.54S
2023,152017,0,39D-13M-54.37S,80D-58M-4.7S
2023,152018,0,55D-27M-33.08S,123D-11M-25.92S
2023,152019,0,40D-4M-6.24S,96D-24M-29.11S
2023,152020,0,46D-46M-20.05S,119D-4M-52.85S
2023,152021,0,51D-44M-25.85S,124D-27M-20.71S
2023,152022,0,41D-10M-41.09S,122D-30M-14.63S
2023,152023,0,44D-37M-26.23S,69D-33M-16.46S
2023,152024,0,33D-8M-5.75S,81D-2M-39.27S
2023,152025,0,46D-23M-23.12S,72D-19M-56.62S
2023,152026,0,41D-57M-21.24S,75D-37M-27.46S
2023,152027,0,41D-46M-30.01S,70D-10M-43.72S
2023,152028,0,53D-30M-22.28S,108D-40M-8.03S
2023,152029,1,39D-30M-7.5S,79D-9M-49.52S
2023,152030,0,41D-18M-36.28S,123D-32M-34.74S
2023,152031,0,39D-50M-22.74S,78D-13M-7.93S
2023,152032,0,32D-24M-38.19S,83D-49M-59.45S
2023,152033,1,51D-35M-45.85S,111D-15M-51.55S
2023,152034,0,40D-58M-10.98S,87D-4M-52.19S
2023,152035,1,41D-16M-9.43S,124D-2M-25.49S
2023,152036,0,39D-33M-13.49S,85D-44M-13.53S
2023,152037,0,39D-47M-0.66S,95D-13M-17.59S
2023,152052,0,33D-14M-28.65S,79D-41M-20.32S
2023,152053,0,42D-47M-0.97S,105D-51M-47.89S
2023,152054,1,39D-7M-25.88S,106D-10M-8.53S
2023,152055,0,36D-52M-11.22S,121D-20M-4.21S
2023,152056,1,38D-32M-13.63S,76D-13M-32.5S
2023,152057,1,37D-47M-29.44S,81D-56M-35.6S
2023,152058,0,33D-56M-47.82S,117D-7M-33.17S
2023,152059,0,43D-34M-29.94S,121D-42M-50.09S
2023,152061,0,32D-58M-29.81S,116D-43M-28.22S
2023,152062,1,41D-46M-29.96S,119D-7M-49.2S
2023,152064,0,44D-51M-0.45S,83D-37M-35.59S
2023,152066,1,32D-55M-30.18S,115D-33M-21.5S
2023,152067,0,46D-52M-15.91S,119D-21M-5.9S
2023,152068,1,34D-46M-46.94S,112D-37M-54.14S
2023,152070,1,40D-44M-35.59S,86D-49M-21.49S
2023,152071,1,40D-35M-32.95S,111D-2M-51.33S
2023,152109,0,41D-45M-57.42S,124D-11M-40.8S
2023,152117,0,39D-24M-1.21S,89D-50M-28.79S
2023,152122,0,39D-5M-39.93S,79D-56M-19.92S
2023,152124,1,56D-10M-48.97S,100D-30M-46.89S
2023,152126,0,45D-0M-9.48S,113D-34M-16.88S
2023,152130,0,36D-43M-28S,80D-56M-31.93S
2023,152131,0,40D-22M-49.54S,79D-33M-10.4S
2023,152136,0,42D-21M-7.08S,75D-56M-27.55S
2023,152137,0,34D-27M-24.7S,81D-17M-25.68S
2023,152217,0,35D-43M-10.02S,118D-2M-52.72S
2023,152317,0,49D-23M-20.83S,98D-1M-43.8S
2023,153001,0,38D-43M-20.48S,81D-1M-31.62S
2023,153002,0,41D-9M-27.89S,82D-28M-11.01S
2023,153003,0,56D-28M-26.45S,99D-42M-29.85S
2023,153004,1,37D-18M-10.76S,119D-22M-35.45S
2023,153005,1,45D-44M-15.18S,71D-28M-26.67S
2023,153006,0,28D-33M-56S,81D-59M-21.49S
2023,153007,1,37D-36M-9.33S,81D-8M-29.39S
2023,153008,0,42D-31M-49.59S,110D-44M-59.55S
2023,153009,0,34D-2M-33.31S,116D-9M-54.78S
2023,153010,0,44D-55M-41.96S,70D-56M-53.37S
2023,153011,0,35D-25M-20.02S,113D-48M-38.7S
2023,153012,1,45D-59M-33S,64D-2M-58.72S
2023,153013,0,41D-46M-14.74S,72D-8M-20.66S
2023,153014,1,50D-24M-23.06S,87D-8M-20.65S
2023,153015,0,44D-16M-13.23S,103D-40M-4.84S
2023,153016,0,33D-55M-55.7S,101D-4M-37.09S
2023,153017,1,47D-45M-14.9S,81D-40M-50.5S
2023,153018,1,42D-6M-43.29S,84D-48M-18.4S
2023,153019,0,34D-11M-13.54S,94D-46M-12.72S
2023,153020,0,35D-54M-31.07S,91D-21M-13.53S
2023,153021,0,54D-8M-54.01S,115D-2M-18.86S
2023,153022,1,31D-30M-20.37S,92D-17M-26.63S
2023,153023,1,41D-27M-57.39S,101D-43M-48.16S
2023,153024,0,47D-32M-41.86S,116D-20M-24.67S
2023,153025,0,46D-7M-46.72S,80D-28M-18.76S
2023,153026,0,30D-20M-18.27S,85D-18M-36.42S
2023,153027,0,36D-27M-9.93S,90D-56M-36.78S
2023,153028,1,50D-1M-6.16S,121D-2M-22.42S
2023,153029,0,64D-54M-17.91S,146D-32M-33.85S
2023,153030,0,34D-46M-18.87S,77D-36M-16.57S
2023,153031,0,40D-23M-10.91S,76D-19M-19.06S
2023,153032,0,43D-27M-35.08S,104D-12M-35.51S
2023,153033,0,43D-45M-56.61S,101D-53M-47.74S
2023,153034,0,43D-17M-40.67S,120D-40M-16.9S
2023,153035,0,42D-21M-39.33S,118D-39M-47.42S
2023,153036,1,49D-0M-27.29S,55D-0M-36.35S
2023,153037,0,45D-4M-44.36S,78D-5M-6.92S
2023,153038,0,45D-23M-46.41S,70D-51M-13.27S
2023,153039,0,40D-1M-30.7S,89D-49M-28.93S
2023,153040,0,39D-30M-41.44S,84D-38M-10.47S
2023,153041,1,45D-25M-4.41S,69D-37M-10.71S
2023,153042,0,44D-5M-40.43S,121D-37M-17.07S
2023,153043,0,45D-9M-7.08S,61D-34M-19.47S
2023,153044,0,35D-48M-42.06S,88D-54M-47.13S
2023,153045,0,43D-15M-7.7S,72D-11M-28.16S
2023,153046,1,43D-47M-56.91S,81D-29M-37.89S
2023,153047,0,61D-31M-19.85S,143D-5M-45.16S
2023,153063,1,42D-21M-51.96S,74D-11M-3.19S
2023,153064,0,42D-58M-44.08S,111D-33M-16S
2023,153074,1,41D-19M-26.15S,81D-52M-39.55S
2023,153075,1,47D-44M-12.57S,90D-41M-50.61S
2023,153076,0,49D-52M-4.71S,100D-39M-4.69S
2023,153086,0,44D-57M-30.61S,123D-42M-14.99S
2023,153087,0,43D-29M-6.97S,112D-48M-32.56S
2023,153097,0,45D-3M-10.08S,121D-53M-35.92S
2023,153101,1,39D-13M-12.46S,83D-12M-16.62S
2023,153137,0,33D-40M-23.08S,116D-40M-3.2S
2023,153176,0,35D-5M-6.34S,81D-59M-36.37S
2023,153800,0,33D-42M-2.01S,109D-8M-37.27S
2023,153900,0,64D-30M-39.57S,155D-30M-36.96S
2023,153901,0,47D-56M-38.88S,119D-11M-23.21S
2023,153902,0,47D-47M-10.18S,123D-52M-9.48S
2023,153903,0,34D-49M-26.44S,115D-37M-27.56S
2023,153904,0,40D-38M-57.79S,79D-15M-55.09S
2023,153905,1,38D-14M-49.46S,81D-44M-18.21S
2023,153906,1,61D-18M-28.45S,149D-46M-56.39S
2023,153907,0,42D-52M-6.58S,111D-33M-19.69S
2023,153908,0,30D-43M-34.85S,82D-5M-21.04S
2023,154001,1,46D-21M-32.16S,80D-24M-56.42S
2023,154002,1,48D-35M-28.31S,85D-17M-58.98S
2023,154003,1,33D-18M-9.52S,91D-53M-42.7S
2023,154004,0,46D-35M-16.35S,69D-12M-58.3S
2023,154005,0,32D-55M-25.71S,103D-41M-26.77S
2023,154006,0,37D-12M-44.88S,122D-9M-58.52S
2023,154007,1,35D-5M-55.95S,84D-23M-17.96S
2023,154008,1,29D-29M-29.49S,89D-42M-40.33S
2023,154009,1,38D-47M-59.41S,86D-44M-46.77S
2023,154010,0,42D-32M-18.29S,104D-51M-46.54S
2023,154011,0,42D-36M-37.47S,85D-8M-34.89S
2023,154012,1,30D-56M-32.65S,83D-2M-30.82S
2023,154013,1,46D-46M-42.51S,121D-46M-20.48S
2023,154014,0,53D-41M-40.87S,109D-28M-35.99S
2023,154015,1,37D-30M-11.9S,106D-31M-38.26S
2023,154016,0,41D-41M-57.44S,111D-48M-19.76S
2023,154017,0,31D-46M-15.89S,105D-23M-17.91S
2023,154018,0,55D-49M-16.8S,128D-50M-25.58S
2023,154019,1,47D-5M-4.69S,55D-44M-58.32S
2023,154020,1,54D-42M-23.33S,107D-14M-10.46S
2023,154021,0,50D-32M-6.49S,127D-24M-56.58S
2023,154022,0,44D-51M-13.12S,63D-33M-21.22S
2023,154023,1,46D-19M-40.86S,92D-14M-48.39S
2023,154024,1,39D-48M-4.93S,75D-9M-42.52S
2023,154025,0,37D-14M-38.63S,77D-38M-31.91S
2023,154026,0,49D-2M-41.64S,125D-42M-48.45S
2023,154027,0,47D-9M-32.65S,117D-43M-38.56S
2023,154028,0,40D-12M-17.79S,76D-9M-53.36S
2023,154029,1,57D-41M-47.98S,152D-34M-0.48S
2023,154030,0,48D-13M-41.32S,119D-3M-45.48S
2023,154031,0,32D-42M-54.02S,86D-40M-15.73S
2023,154032,1,43D-39M-47.1S,109D-39M-44.48S
2023,154033,0,58D-50M-46.49S,122D-54M-53.71S
2023,154034,1,36D-37M-44.13S,76D-5M-52.5S
2023,154035,0,35D-10M-30S,84D-48M-57.4S
2023,154036,0,28D-55M-46.62S,97D-58M-10.66S
2023,154037,1,47D-46M-13.67S,69D-35M-12.59S
2023,154038,1,44D-44M-35.06S,64D-27M-28.53S
2023,154039,0,42D-4M-23.37S,89D-5M-49.38S
2023,154040,1,40D-49M-54.7S,75D-58M-55.66S
2023,154041,0,38D-54M-27.98S,83D-47M-12.76S
2023,154042,0,47D-13M-32.11S,121D-1M-21.32S
2023,154043,0,46D-33M-53.63S,121D-22M-51.17S
2023,154044,0,38D-24M-26.2S,76D-33M-33.85S
2023,154116,0,31D-27M-11.83S,82D-49M-49.43S
2023,154119,1,51D-4M-17.72S,98D-22M-39.56S
2023,154900,0,43D-14M-23.57S,70D-55M-21.33S
2023,154901,0,61D-25M-7.68S,139D-11M-44.05S
2023,155001,0,35D-44M-20.53S,101D-11M-8.58S
2023,155002,1,47D-52M-11.03S,117D-58M-19.62S
2023,155003,0,35D-10M-50.3S,95D-38M-52.87S
2023,155004,0,39D-40M-15.21S,84D-24M-38.53S
2023,155005,0,34D-44M-37.13S,83D-17M-41.8S
2023,155006,1,60D-28M-54.77S,150D-15M-58.6S
2023,155007,0,51D-19M-31.98S,111D-4M-10.6S
2023,155008,1,35D-3M-28.13S,89D-23M-28S
2023,155009,1,61D-57M-7.49S,128D-27M-10.77S
2023,155010,1,39D-43M-39.48S,99D-13M-55.33S
2023,155011,0,35D-46M-50.84S,97D-41M-40.08S
2023,155012,1,44D-25M-32.43S,80D-0M-17.35S
2023,155013,0,48D-52M-27.36S,73D-13M-6.41S
2023,155014,0,42D-36M-43.15S,119D-35M-43.42S
2023,155015,0,39D-46M-54.8S,122D-15M-46.07S
2023,155016,0,41D-59M-12.12S,74D-20M-17.35S
2023,155017,1,38D-43M-29.77S,76D-49M-6.89S
2023,155018,1,44D-41M-24.45S,107D-40M-44.95S
2023,155019,1,44D-35M-50.2S,87D-39M-47.3S
2023,155020,1,32D-28M-37.6S,92D-37M-0.48S
2023,155021,0,32D-39M-2.95S,90D-44M-28.45S
2023,155022,1,48D-50M-12.93S,55D-31M-40.29S
2023,155023,0,46D-19M-5.37S,74D-8M-39.91S
2023,155024,0,40D-6M-41.66S,76D-25M-44.94S
2023,155025,0,33D-4M-4.85S,111D-14M-30.31S
2023,155027,0,50D-48M-34.13S,99D-23M-13.48S
2023,155028,0,33D-10M-2.54S,110D-32M-53.1S
2023,155029,0,31D-19M-34.99S,97D-14M-38.57S
2023,155030,0,39D-24M-51.8S,82D-48M-32.65S
2023,155031,0,56D-10M-23.2S,111D-5M-27.32S
2023,155032,0,39D-31M-51.79S,75D-55M-11.46S
2023,155033,0,36D-44M-4.7S,103D-35M-24.64S
2023,155037,1,45D-28M-18.23S,76D-35M-28.24S
2023,155043,0,48D-39M-18.06S,67D-7M-16.05S
2023,155045,0,49D-10M-13.11S,65D-48M-17.41S
2023,155101,0,47D-29M-51.74S,111D-17M-38.9S
2023,155103,0,35D-13M-20.47S,101D-34M-30.58S
2023,155108,0,35D-16M-24.25S,82D-41M-58.59S
2023,155114,0,48D-21M-34.39S,92D-33M-18.73S
2023,155120,0,48D-31M-21.9S,120D-11M-35.34S
2023,155121,1,31D-56M-42.54S,82D-54M-8.94S
2023,155130,1,42D-31M-40.25S,76D-16M-8.13S
2023,155901,0,44D-17M-43.36S,85D-8M-48.37S
2023,155902,0,39D-44M-21.58S,91D-43M-48.39S
2023,155903,0,44D-54M-49.69S,110D-24M-47.34S
2023,155904,0,37D-14M-43.27S,109D-14M-23.37S
2023,155905,1,50D-13M-7.1S,105D-9M-46.71S
2023,155906,0,40D-6M-26.57S,79D-11M-49.6S
2023,155907,0,42D-44M-27.26S,108D-9M-38.31S
2023,155908,0,50D-9M-15.3S,100D-55M-36.77S
2023,156001,0,38D-30M-20.7S,121D-27M-20.56S
2023,156002,0,41D-57M-31.97S,70D-0M-4.66S
2023,156003,1,47D-23M-48.83S,73D-28M-32.67S
2023,156005,0,48D-40M-15.76S,53D-4M-37.7S
2023,156006,0,31D-17M-51.29S,88D-15M-51.66S
2023,156007,1,42D-5M-40.54S,85D-43M-17.79S
2023,156008,0,52D-50M-57.08S,121D-22M-38.4S
2023,156009,0,39D-20M-26.06S,75D-32M-58.21S
2023,156010,0,41D-38M-9.25S,80D-47M-4.39S
2023,156013,1,36D-59M-18.76S,115D-16M-0.06S
2023,156014,0,41D-13M-45.43S,87D-35M-53.2S
2023,156015,0,40D-1M-44.9S,105D-19M-0.65S
2023,156016,1,40D-15M-0.41S,87D-58M-5.08S
2023,156017,0,46D-40M-23.2S,80D-44M-46.68S
2023,156018,0,34D-3M-46.91S,101D-20M-22.36S
2023,156021,0,38D-32M-38.04S,104D-28M-45.28S
2023,156022,0,31D-43M-10.85S,111D-3M-53.65S
2023,156025,1,47D-33M-1.43S,107D-19M-6.31S
2023,156026,0,39D-21M-59.64S,103D-47M-38.16S
2023,156029,1,48D-11M-52.17S,107D-58M-7.77S
2023,156030,0,30D-40M-7.39S,92D-16M-11.41S
2023,156031,0,46D-17M-37.39S,87D-6M-7.66S
2023,156032,0,54D-32M-27.47S,111D-22M-27.42S
2023,156033,0,54D-1M-15.34S,132D-9M-34.73S
2023,156034,0,39D-54M-49.08S,77D-26M-17.58S
2023,156036,0,29D-11M-40.84S,95D-37M-32.91S
2023,156037,1,41D-28M-12.22S,111D-29M-13S
2023,156038,0,44D-19M-18.35S,113D-35M-12.8S
2023,156039,1,49D-40M-25.15S,87D-39M-45.21S
2023,156040,1,41D-16M-25.07S,74D-24M-34.22S
2023,156041,0,34D-30M-30.88S,114D-22M-2.52S
2023,156042,0,34D-49M-13.68S,79D-52M-23.35S
2023,156044,1,32D-51M-59.42S,114D-24M-58.6S
2023,156117,1,45D-39M-45.47S,80D-19M-7.47S
2023,156137,1,49D-28M-39.68S,125D-13M-40.53S
2023,156140,1,47D-24M-29.48S,96D-39M-35.87S
2023,157001,0,30D-25M-51.61S,86D-45M-30.16S
2023,157002,0,41D-56M-6.99S,112D-44M-39.96S
2023,157003,0,40D-5M-0.67S,84D-10M-3.62S
2023,157004,1,33D-8M-19.82S,96D-9M-56.71S
2023,157005,0,40D-33M-44.27S,110D-44M-57.46S
2023,157006,1,45D-25M-59.59S,75D-16M-56.46S
2023,157008,0,45D-9M-8.89S,75D-34M-58.09S
2023,157010,0,60D-39M-39.04S,135D-2M-33.64S
2023,157011,0,25D-9M-16.22S,80D-53M-32.17S
2023,157012,1,43D-33M-25.75S,89D-31M-28.12S
2023,157013,0,54D-45M-47.01S,115D-31M-18.6S
2023,157014,0,39D-32M-20.92S,80D-23M-51.82S
2023,157015,0,42D-38M-21.53S,84D-32M-28.01S
2023,157016,0,33D-33M-41.99S,94D-29M-6.47S
2023,157017,0,44D-31M-53.89S,123D-53M-21.62S
2023,157018,1,42D-25M-29.22S,74D-59M-19.65S
2023,157019,0,41D-14M-32.2S,103D-43M-24.12S
2023,157020,1,32D-50M-28.08S,115D-27M-3.43S
2023,157021,0,44D-37M-24.13S,88D-48M-32.35S
2023,157022,0,41D-45M-2.55S,113D-6M-6.74S
2023,157023,1,45D-56M-32.3S,89D-11M-7.9S
2023,157024,0,39D-37M-53.59S,78D-49M-29.9S
2023,157025,1,41D-43M-52.2S,91D-14M-9.72S
2023,157036,0,34D-42M-38.61S,98D-24M-28.85S
2023,157037,0,42D-57M-18.83S,76D-43M-56.87S
2023,157038,1,41D-5M-49.67S,80D-3M-19.06S
2023,157039,1,35D-18M-33.87S,85D-9M-16.46S
2023,157040,1,37D-18M-32.31S,89D-31M-41.43S
2023,157121,1,48D-14M-22.59S,90D-3M-36.33S
2023,157125,0,34D-42M-11.99S,119D-37M-10.81S
2023,157919,1,37D-36M-28.95S,112D-12M-32.08S
2023,157921,1,40D-25M-0.44S,111D-14M-12.8S
2023,158001,1,35D-23M-51.25S,115D-22M-29.05S
2023,158002,0,38D-2M-49.76S,122D-53M-48.69S
2023,158003,1,45D-50M-47.21S,82D-10M-28.5S
2023,158004,1,32D-10M-42.04S,112D-16M-2.46S
2023,158005,0,39D-47M-0.77S,75D-49M-24.18S
2023,158006,0,39D-20M-44.73S,93D-48M-44.99S
2023,158007,1,36D-30M-33.27S,87D-41M-36.45S
2023,158008,0,50D-17M-8.89S,110D-41M-45.15S
2023,158009,0,34D-18M-30.37S,88D-36M-56.42S
2023,158010,0,41D-4M-1.85S,84D-55M-6.31S
2023,158011,1,35D-25M-43.92S,103D-31M-45.18S
2023,158012,1,32D-58M-47S,117D-1M-21.65S
2023,158013,0,52D-13M-51.31S,77D-3M-49.43S
2023,158014,0,44D-48M-2.05S,90D-23M-46.23S
2023,158015,1,41D-28M-48.05S,71D-40M-58.89S
2023,158016,1,55D-48M-28.63S,118D-7M-34.19S
2023,158017,0,47D-37M-12.95S,94D-51M-54.15S
2023,158018,0,47D-10M-27.35S,113D-55M-15.28S
2023,158019,0,34D-13M-56.77S,96D-1M-42.08S
2023,158020,0,48D-32M-57.31S,77D-57M-36.49S
2023,158021,1,51D-24M-37.55S,119D-27M-15.32S
2023,158022,0,46D-17M-9.61S,81D-45M-18.04S
2023,158023,0,33D-37M-24.63S,79D-19M-51.07S
2023,158102,0,32D-17M-33.01S,91D-26M-38.93S
2023,158116,0,52D-13M-56.01S,113D-14M-2.96S
2023,159001,0,37D-36M-7.6S,88D-31M-9.08S
2023,159002,1,38D-33M-16.53S,78D-33M-7.96S
2023,159003,0,45D-3M-18.06S,69D-2M-14.93S
2023,159004,0,34D-43M-15.99S,91D-42M-21.5S
2023,159005,0,35D-47M-52.9S,118D-26M-22.41S
2023,159006,0,48D-5M-40.95S,105D-59M-33.05S
2023,159007,1,42D-17M-19.08S,78D-54M-14.57S
2023,159008,0,43D-1M-43.28S,103D-41M-23.64S
2023,159009,0,39D-6M-47.2S,76D-11M-20.13S
2023,159010,1,27D-19M-13.85S,98D-52M-29.33S
2023,159011,0,47D-55M-10.45S,122D-24M-30.14S
2023,159012,0,45D-51M-48.89S,115D-44M-13.85S
2023,159013,0,51D-27M-9.23S,112D-51M-44.73S
2023,159014,0,43D-17M-34.24S,117D-47M-14.71S
2023,159015,1,46D-34M-30.95S,67D-55M-26.69S
2023,159016,0,31D-10M-14.77S,100D-59M-39.27S
2023,159017,1,48D-45M-29.91S,97D-15M-31.2S
2023,159018,0,51D-38M-40.91S,56D-8M-1.04S
2023,159019,0,38D-16M-15.86S,86D-10M-48.83S
2023,159020,0,43D-9M-0.1S,78D-6M-49.55S
2023,159021,0,58D-40M-29.24S,124D-31M-49.56S
2023,159022,0,33D-53M-25.44S,110D-53M-30.11S
2023,159023,0,54D-4M-32.35S,108D-16M-55.58S
2023,159024,1,49D-29M-59.89S,85D-48M-41.84S
2023,159025,0,34D-59M-35.42S,86D-4M-54.78S
2023,159026,0,39D-50M-11.78S,80D-5M-36.74S
2023,159027,0,51D-47M-19.9S,112D-5M-18.24S
2023,159028,0,48D-37M-16.64S,90D-3M-54.37S
2023,159029,0,45D-8M-43.6S,93D-28M-34.39S
2023,159030,1,44D-7M-12.63S,71D-14M-18.82S
2023,159031,1,49D-31M-53.19S,110D-41M-10.84S
2023,159032,0,47D-8M-15.93S,71D-29M-29.05S
2023,159033,0,50D-3M-46.44S,67D-11M-16.02S
2023,159104,1,44D-25M-56.74S,107D-58M-26.22S
2023,159107,1,43D-20M-16.38S,119D-31M-9.55S
2023,159116,0,64D-30M-5.35S,165D-25M-10.04S
2023,159131,0,37D-10M-28.89S,122D-14M-24.34S
2023,159132,1,60D-45M-57.72S,129D-12M-41.25S
2023,159231,1,40D-48M-22.67S,123D-28M-36.54S
2023,160001,1,51D-42M-13.93S,116D-42M-50.48S
2023,160002,0,38D-4M-54.14S,104D-27M-9.37S
2023,160003,1,39D-27M-48.44S,104D-18M-26.9S
2023,160004,1,37D-39M-37.07S,86D-18M-38.45S
2023,160005,0,44D-7M-19.23S,108D-57M-24.39S
2023,160006,0,46D-14M-32.59S,84D-44M-34.27S
2023,160007,1,36D-17M-23.35S,109D-11M-15.74S
2023,160008,0,36D-4M-13.68S,84D-22M-12.67S
2023,160009,0,43D-21M-22.17S,109D-33M-2.8S
2023,160010,0,42D-33M-46.15S,76D-38M-48.24S
2023,160011,1,34D-40M-6.24S,112D-23M-39.46S
2023,160012,1,34D-27M-39.06S,96D-50M-57.08S
2023,160013,1,49D-40M-13.19S,92D-55M-16.61S
2023,160014,0,33D-10M-2.68S,91D-19M-27.45S
2023,160015,1,45D-39M-53.84S,117D-17M-5.91S
2023,160016,1,36D-48M-8.29S,100D-36M-45.06S
2023,160017,0,41D-42M-17.5S,72D-31M-50.58S
2023,160018,0,47D-34M-25.03S,77D-9M-16.65S
2023,160019,0,34D-38M-4.5S,91D-33M-37.47S
2023,160020,0,48D-17M-41.63S,120D-33M-15.27S
2023,160021,0,38D-22M-30.54S,85D-34M-47.42S
2023,160022,0,55D-26M-15.63S,117D-11M-53.67S
2023,160023,1,46D-2M-13.99S,89D-15M-4.69S
2023,160024,1,32D-32M-1.93S,110D-30M-23.15S
2023,160025,0,43D-6M-13.94S,85D-12M-40.18S
2023,160026,0,37D-44M-7.4S,76D-48M-39.67S
2023,160027,1,31D-50M-37.77S,108D-58M-3.57S
2023,160028,0,36D-23M-8.13S,79D-52M-52.18S
2023,160029,0,39D-32M-32.14S,102D-37M-39.47S
2023,160030,1,48D-52M-56.81S,101D-33M-15.25S
2023,160031,0,47D-51M-52.45S,67D-0M-51.19S
2023,160051,1,52D-43M-44.22S,113D-53M-44.8S
2023,160052,1,59D-32M-27.72S,139D-50M-46.91S
2023,160053,0,54D-16M-42.97S,111D-17M-28.66S
2023,160054,0,55D-36M-47.58S,125D-10M-23.11S
2023,160055,0,40D-36M-56.38S,75D-59M-30.72S
2023,160056,0,47D-54M-4.22S,75D-49M-55.32S
2023,160057,0,37D-48M-4.81S,122D-8M-33.74S
2023,160058,0,40D-40M-56.83S,87D-21M-37.89S
2023,160059,1,44D-50M-12.05S,84D-13M-36.21S
2023,160060,1,38D-10M-27.65S,103D-13M-32.46S
2023,160061,0,49D-14M-32.36S,123D-14M-52.86S
2023,160062,1,42D-45M-19.4S,83D-10M-7.82S
2023,160063,1,43D-57M-9.41S,97D-28M-38.93S
2023,160064,0,44D-15M-54.81S,91D-51M-52.44S
2023,160065,1,43D-41M-21.78S,104D-13M-38.36S
2023,160066,1,32D-4M-26.3S,93D-59M-44.9S
2023,160067,0,29D-47M-2.75S,92D-47M-23.81S
2023,160068,1,48D-42M-35.11S,65D-5M-13.69S
2023,160069,0,42D-37M-38.4S,94D-17M-15.37S
2023,160070,1,40D-15M-1.08S,82D-54M-24.45S
2023,160071,0,44D-44M-54.28S,78D-45M-53.5S
2023,160072,1,51D-45M-10.59S,109D-16M-36.32S
2023,160073,0,38D-44M-58.79S,99D-27M-54.18S
2023,160074,0,31D-58M-52.46S,112D-55M-39.12S
2023,160075,0,39D-59M-26.48S,97D-1M-11.29S
2023,160076,1,43D-22M-33.37S,81D-9M-23.86S
2023,160077,1,44D-53M-11.86S,71D-15M-3.24S
2023,160078,0,38D-32M-25.48S,112D-36M-1.4S
2023,160079,0,41D-19M-48.87S,76D-41M-44.6S
2023,160080,0,39D-3M-26.79S,121D-1M-50.76S
2023,160081,0,38D-23M-45.22S,122D-31M-42.1S
2023,160082,0,49D-25M-49.73S,82D-28M-15.37S
2023,160101,1,43D-11M-23.98S,84D-31M-46.4S
2023,160107,1,35D-25M-19.61S,78D-3M-30.18S
2023,160111,0,42D-57M-28.79S,88D-15M-29.49S
2023,160112,1,43D-23M-46.09S,80D-19M-40.76S
2023,160114,0,42D-59M-59.12S,89D-40M-56.22S
2023,160115,0,43D-42M-3S,85D-26M-46.75S
2023,160121,0,54D-11M-26.45S,110D-15M-50.64S
2023,160126,0,48D-26M-10S,94D-56M-57.53S
2023,160130,0,37D-57M-57.26S,101D-23M-25.62S
2023,160153,0,30D-10M-26.97S,84D-42M-50.7S
2023,160155,1,28D-3M-25.16S,82D-28M-50.74S
2023,160163,1,38D-2M-19.78S,84D-4M-23.47S
2023,160164,1,39D-11M-49.92S,82D-40M-46.42S
2023,160166,0,32D-36M-19.39S,80D-9M-15.76S
2023,160201,0,49D-52M-55.97S,103D-33M-23.24S
2023,160221,0,43D-48M-38.88S,65D-15M-52.71S
2023,160900,0,45D-9M-13.06S,98D-12M-25.65S
2023,161001,0,30D-21M-40.24S,84D-40M-6.73S
2023,161002,0,52D-8M-50.57S,104D-34M-23.49S
2023,161003,0,51D-24M-17.51S,106D-7M-0.28S
2023,161004,0,36D-49M-30.01S,108D-1M-42.54S
2023,161005,0,40D-42M-20.35S,75D-58M-47.86S
2023,161006,1,40D-18M-22.45S,99D-58M-36.25S
2023,161007,0,34D-18M-7.98S,98D-25M-36.3S
2023,161008,1,45D-25M-34.04S,112D-39M-39.04S
2023,161009,0,29D-16M-23.68S,103D-17M-26.1S
2023,161010,0,42D-46M-52.3S,82D-33M-10.65S
2023,161011,1,34D-17M-30.78S,85D-55M-24.28S
2023,161012,0,43D-22M-49.66S,106D-51M-57.35S
2023,161013,0,40D-28M-26.98S,74D-55M-24.17S
2023,161014,1,61D-3M-44.26S,138D-31M-59.98S
2023,161015,0,40D-39M-30.57S,87D-44M-36.45S
2023,161016,1,33D-10M-35.05S,90D-8M-52.77S
2023,161017,0,59D-15M-51.17S,135D-27M-36.22S
2023,161018,0,39D-42M-47.93S,76D-44M-58.65S
2023,161019,0,30D-22M-21.68S,87D-2M-52.13S
2023,161020,0,48D-44M-58.4S,119D-16M-27.06S
2023,161021,0,27D-45M-58.39S,81D-42M-13.11S
2023,161022,0,40D-35M-56.97S,108D-41M-58.44S
2023,161023,0,46D-12M-4.8S,108D-28M-55.87S
2023,161024,1,41D-34M-43.25S,91D-16M-21.7S
2023,161025,1,38D-38M-5.87S,104D-12M-24.96S
2023,161026,0,39D-7M-34.69S,80D-41M-46.64S
2023,161027,1,35D-18M-49.5S,77D-43M-7S
2023,161028,1,39D-11M-48.15S,78D-29M-42.3S
2023,161029,0,38D-23M-56.82S,90D-54M-45.34S
2023,161030,0,55D-41M-14.53S,132D-30M-16.68S
2023,161031,1,35D-36M-47.59S,120D-50M-59.6S
2023,161032,1,39D-43M-52.67S,78D-55M-16.33S
2023,161033,0,39D-26M-22.4S,79D-8M-16.76S
2023,161034,0,53D-31M-28.26S,106D-19M-35.21S
2023,161035,1,44D-29M-47.98S,115D-5M-42.34S
2023,161036,0,38D-11M-3.26S,101D-21M-11.72S
2023,161037,0,50D-30M-47.94S,114D-34M-1.19S
2023,161038,0,44D-43M-12.73S,64D-37M-5.47S
2023,161039,0,32D-34M-44.61S,93D-25M-4.27S
2023,161040,1,42D-56M-37.34S,90D-12M-2.71S
2023,161041,0,39D-54M-15.8S,88D-6M-1.81S
2023,161042,0,46D-54M-41.41S,83D-25M-38.06S
2023,161043,0,59D-17M-26.53S,158D-37M-47.05S
2023,161044,0,37D-13M-7.6S,118D-2M-5.11S
2023,161045,1,29D-59M-29.77S,91D-57M-13.02S
2023,161046,0,38D-12M-11.25S,115D-27M-16.02S
2023,161047,0,59D-10M-7.12S,158D-38M-22.71S
2023,161048,0,41D-15M-27.51S,104D-53M-50.86S
2023,161049,1,35D-44M-48.84S,100D-56M-34S
2023,161050,0,28D-39M-30.54S,98D-24M-31.65S
2023,161051,1,51D-58M-7.83S,122D-24M-41.85S
2023,161052,0,42D-37M-21.09S,72D-17M-34.68S
2023,161053,0,31D-18M-27.87S,96D-36M-3.39S
2023,161054,1,39D-52M-22.11S,78D-12M-14.12S
2023,161055,1,34D-35M-40.58S,85D-32M-35.6S
2023,161056,0,43D-15M-5.82S,78D-59M-57.27S
2023,161057,1,45D-31M-44.01S,113D-5M-17.67S
2023,161058,0,43D-39M-57.46S,93D-1M-4.29S
2023,161059,0,35D-41M-30.17S,78D-19M-18.96S
2023,161060,0,43D-9M-15.12S,120D-38M-51.22S
2023,161061,0,45D-42M-18.91S,94D-17M-16.76S
2023,161062,1,35D-16M-4.88S,120D-32M-54.48S
2023,161063,0,40D-12M-18.79S,76D-11M-48.07S
2023,161064,1,43D-10M-57.86S,76D-2M-51.5S
2023,161065,0,36D-38M-7.86S,98D-9M-22.74S
2023,161066,1,52D-56M-29.2S,110D-31M-54.54S
2023,161067,1,51D-18M-36.96S,112D-0M-23.33S
2023,161068,0,40D-13M-10.66S,86D-3M-22.34S
2023,161069,1,26D-12M-20.19S,97D-20M-12.81S
2023,161070,0,51D-53M-46.27S,109D-4M-32.77S
2023,161071,0,34D-23M-34.29S,85D-4M-51.27S
2023,161072,1,45D-51M-2.16S,99D-16M-5.12S
2023,161073,1,48D-33M-32.4S,68D-13M-6.25S
2023,161074,1,41D-59M-49.54S,121D-54M-16S
2023,161075,0,41D-9M-23.52S,109D-49M-58.52S
2023,161076,0,41D-46M-9.33S,83D-59M-1.86S
2023,161077,1,42D-55M-16.73S,103D-52M-26.12S
2023,161078,0,46D-26M-46.46S,65D-50M-6.71S
2023,161079,0,35D-18M-55.48S,108D-53M-53.65S
2023,161080,1,39D-38M-34.93S,113D-16M-52.01S
2023,161081,0,38D-45M-22.61S,120D-56M-29.65S
2023,161082,0,42D-36M-18.76S,85D-50M-6.25S
2023,161083,0,44D-9M-34.07S,74D-28M-38.92S
2023,161084,0,41D-21M-30.59S,70D-47M-41.4S
2023,161085,0,41D-32M-32.85S,83D-16M-32.62S
2023,161086,0,36D-51M-7.65S,91D-41M-32.32S
2023,161087,0,47D-34M-26.16S,68D-15M-44.36S
2023,161088,1,35D-35M-25.23S,109D-51M-59.52S
2023,161089,0,42D-28M-54.18S,96D-23M-5.93S
2023,161090,1,53D-56M-38.38S,122D-48M-54.36S
2023,161091,1,45D-17M-53.31S,66D-6M-1.58S
2023,161092,0,62D-35M-28.45S,144D-40M-4.26S
2023,161093,0,47D-19M-4.03S,112D-25M-29.48S
2023,161094,0,46D-53M-39.07S,113D-22M-21.25S
2023,161095,1,50D-44M-36.38S,109D-47M-34.68S
2023,161096,1,49D-39M-4.97S,104D-43M-7.72S
2023,161097,0,39D-7M-4.15S,113D-31M-33.96S
2023,161098,1,42D-56M-24.02S,73D-51M-56.5S
2023,161099,0,53D-23M-37.57S,109D-1M-7.01S
2023,161100,0,49D-50M-36.35S,89D-10M-41.17S
2023,161101,0,48D-9M-41S,93D-19M-20.61S
2023,161102,0,48D-13M-47.39S,58D-50M-13.95S
2023,161103,1,35D-4M-22.04S,81D-32M-23.25S
2023,161104,0,44D-7M-49.19S,64D-14M-24.02S
2023,161105,0,41D-36M-35.19S,121D-3M-41.04S
2023,161106,0,26D-32M-34.46S,97D-42M-13.44S
2023,161107,0,41D-24M-23.98S,82D-52M-13.86S
2023,161108,1,41D-45M-40.55S,73D-59M-33.11S
2023,161109,1,42D-4M-43.68S,113D-42M-14.51S
2023,161110,1,47D-20M-33.53S,118D-10M-11.62S
2023,161111,0,28D-19M-10.57S,82D-18M-56.75S
2023,161112,1,54D-29M-11.2S,114D-5M-44.29S
2023,161113,0,44D-30M-24.28S,77D-38M-27.82S
2023,161114,0,35D-17M-39.15S,78D-0M-29.53S
2023,161120,1,38D-57M-0.28S,119D-44M-6.51S
2023,161121,0,53D-36M-17.7S,123D-0M-9.62S
2023,161123,0,36D-42M-22.28S,83D-6M-8.71S
2023,161199,1,43D-10M-4.19S,98D-44M-54.16S
2023,161207,0,32D-45M-59.34S,85D-43M-43.17S
2023,161212,0,60D-16M-51.6S,149D-22M-16.52S
2023,161301,0,33D-45M-37.88S,83D-9M-52.78S
2023,163001,0,42D-40M-24.99S,109D-29M-11.62S
2023,163002,0,46D-37M-44.41S,91D-56M-59.55S
2023,163003,0,35D-28M-59.22S,78D-54M-56.89S
2023,163004,0,34D-57M-33.16S,87D-9M-52.61S
2023,163005,0,35D-41M-36.75S,89D-20M-30.84S
2023,163006,0,33D-36M-40.68S,85D-45M-31.42S
2023,163007,0,48D-50M-56.87S,71D-27M-46.37S
2023,163008,0,54D-20M-4.49S,129D-18M-17.45S
2023,163009,1,39D-36M-13.23S,121D-37M-45.5S
2023,163010,0,31D-56M-32.76S,108D-19M-40.75S
2023,163011,0,42D-17M-7.63S,109D-18M-32.09S
2023,163012,1,41D-38M-51.37S,80D-31M-1.67S
2023,163013,0,50D-4M-6.37S,125D-6M-4.5S
2023,163014,0,51D-11M-10.11S,119D-9M-38.28S
2023,163015,0,35D-31M-25.94S,118D-14M-46.57S
2023,163016,1,36D-57M-50.04S,90D-33M-35.3S
2023,163017,0,29D-15M-43.7S,89D-58M-9.32S
2023,163018,1,50D-56M-51.25S,100D-15M-37.51S
2023,163019,0,43D-0M-6.1S,72D-57M-46.14S
2023,163020,0,29D-44M-27.91S,94D-24M-20.79S
2023,163021,0,36D-21M-48.29S,76D-59M-10.22S
2023,163022,0,39D-51M-1.65S,83D-33M-2.45S
2023,163023,1,36D-11M-5.05S,98D-55M-16.61S
2023,163024,1,29D-54M-50.36S,101D-23M-13.87S
2023,163025,1,34D-58M-36.29S,88D-32M-17.74S
2023,163026,0,39D-21M-10.84S,76D-49M-16.15S
2023,163027,1,32D-21M-27.4S,112D-49M-18.22S
2023,163028,1,44D-18M-26.09S,75D-25M-28.88S
2023,163029,0,30D-22M-26.44S,89D-55M-39.55S
2023,163030,1,52D-31M-28.01S,112D-51M-35.09S
2023,163031,0,48D-26M-12.41S,124D-2M-15.49S
2023,163101,1,43D-4M-27.29S,107D-2M-22.26S
2023,163106,0,39D-36M-43.46S,110D-33M-58.06S
2023,163107,0,52D-31M-19.01S,119D-10M-6.05S
2023,163108,0,33D-37M-29.5S,114D-37M-3.24S
2023,163109,1,49D-34M-36.99S,64D-27M-53.68S
2023,163118,0,44D-40M-5.8S,110D-40M-44.66S
2023,163119,1,43D-10M-37.06S,121D-16M-1.43S
2023,163121,0,44D-38M-56.04S,94D-1M-23.17S
2023,163126,0,50D-24M-21.83S,113D-28M-12.38S
2023,163129,1,38D-38M-53.88S,77D-5M-44.45S
2023,163202,1,44D-34M-6.56S,112D-43M-48.22S
2023,163203,0,46D-26M-10.65S,101D-24M-41.09S
2023,163204,1,38D-16M-36.37S,108D-32M-24.15S
2023,163205,0,47D-6M-0.1S,119D-14M-0.29S
2023,163206,1,47D-48M-55.57S,93D-50M-33.71S
2023,163207,0,34D-57M-43.9S,95D-49M-7.33S
2023,163208,1,42D-25M-13.33S,73D-11M-28.5S
2023,163210,0,39D-48M-35.89S,123D-28M-1.4S
2023,163211,1,69D-3M-7.97S,149D-49M-30.23S
2023,163212,0,42D-5M-11.34S,74D-58M-13.69S
2023,163213,0,41D-59M-47.31S,71D-44M-49.45S
2023,163214,0,40D-15M-57.11S,117D-22M-13.86S
2023,163215,1,37D-26M-2.87S,76D-54M-54.77S
2023,163216,1,42D-21M-17.35S,76D-2M-34.5S
2023,163217,0,41D-10M-23.83S,100D-4M-45.87S
2023,163218,1,42D-40M-4.24S,118D-59M-41.59S
2023,163219,0,42D-28M-27.73S,83D-40M-17.75S
2023,163220,1,45D-49M-57.12S,64D-14M-46.63S
2023,163221,1,41D-47M-17.29S,104D-48M-8.24S
2023,163222,0,30D-31M-4.77S,88D-45M-34.53S
2023,163223,0,36D-43M-59.83S,82D-44M-41.54S
2023,163224,0,41D-36M-28.22S,74D-3M-25.42S
2023,163225,0,32D-59M-30.16S,98D-21M-55.29S
2023,163226,0,57D-32M-8.07S,152D-27M-4.22S
2023,163227,0,51D-33M-18.43S,106D-38M-51.83S
2023,163228,0,42D-37M-52.55S,86D-4M-55.89S
2023,163229,0,35D-29M-38.89S,115D-57M-42.77S
2023,163230,0,48D-45M-21.33S,86D-29M-2.33S
2023,163231,1,40D-25M-48.06S,76D-55M-33.06S
2023,163232,0,32D-55M-31.11S,107D-37M-5.32S
2023,163233,0,39D-54M-8.77S,91D-17M-50.47S
2023,163234,1,32D-57M-5.96S,84D-31M-43.46S
2023,163311,1,50D-43M-10.83S,97D-49M-1.66S
2023,163314,0,42D-29M-54.38S,78D-14M-35.08S
2023,163329,0,44D-55M-18.18S,118D-24M-6.54S
2023,163900,0,43D-46M-40.91S,106D-16M-37.04S
2023,163902,1,36D-17M-40.11S,117D-13M-32.03S
2023,163903,1,35D-22M-21.4S,86D-12M-19.81S
2023,163904,0,41D-18M-50.17S,88D-36M-14.05S
2023,163905,0,34D-17M-45.4S,85D-55M-42.34S
2023,163906,0,44D-17M-7.99S,103D-52M-43.53S
2023,163907,0,44D-5M-46.72S,89D-37M-30.16S
2023,163908,1,55D-16M-1.3S,115D-22M-41.47S
2023,163909,0,50D-4M-51.46S,89D-9M-49.65S
2023,163910,0,60D-35M-42.24S,149D-32M-9.36S
2023,163911,0,41D-33M-6.69S,84D-24M-2.51S
2023,163912,1,30D-40M-3.54S,81D-54M-29S
2023,164001,0,36D-36M-44.38S,78D-0M-0.21S
2023,164002,0,38D-47M-19.36S,78D-31M-53.23S
2023,164003,0,63D-52M-38.76S,145D-50M-9.45S
2023,164004,0,51D-38M-8.03S,89D-53M-38.67S
2023,164005,0,49D-5M-16.22S,90D-25M-14.6S
2023,164006,1,33D-32M-33.52S,85D-15M-41.03S
2023,164007,0,36D-16M-9.68S,101D-1M-10.79S
2023,164008,0,51D-14M-3.71S,113D-46M-54.33S
2023,164009,1,47D-17M-40.58S,71D-15M-22.54S
2023,164010,0,35D-55M-20.85S,79D-48M-38.34S
2023,164011,0,42D-51M-31.65S,81D-21M-11.45S
2023,164012,0,34D-34M-32.21S,84D-44M-14.41S
2023,164013,1,38D-43M-25.77S,82D-4M-23.69S
2023,164014,0,43D-21M-26.02S,87D-53M-32.04S
2023,164015,0,43D-22M-38.87S,74D-12M-57.5S
2023,164016,0,56D-12M-1.39S,119D-49M-17.42S
2023,164017,0,50D-12M-36.59S,126D-30M-14.41S
2023,164018,0,41D-23M-4.34S,74D-25M-23.3S
2023,164019,0,35D-33M-2.56S,97D-28M-0.95S
2023,164020,1,39D-3M-53.29S,74D-55M-35.6S
2023,164021,1,42D-4M-2.58S,78D-50M-34.17S
2023,164022,0,34D-39M-27.46S,118D-24M-2.42S
2023,164023,0,45D-32M-48.47S,80D-23M-4.74S
2023,164024,1,35D-35M-31.59S,82D-29M-7.55S
2023,164025,0,39D-20M-56.32S,82D-10M-18S
2023,164026,0,41D-33M-59.03S,83D-14M-19.43S
2023,164027,0,33D-40M-7.89S,117D-30M-48.13S
2023,164028,0,50D-25M-53.31S,113D-49M-28.5S
2023,164029,1,41D-28M-4.4S,77D-16M-26.64S
2023,164030,1,31D-29M-43.54S,90D-36M-9.13S
2023,164031,0,32D-16M-9.29S,87D-49M-34.5S
2023,164032,0,34D-40M-13.91S,109D-26M-32.5S
2023,164033,1,41D-42M-53.89S,123D-53M-15.29S
2023,164034,1,52D-10M-7.42S,112D-20M-38.93S
2023,164035,1,31D-44M-38.78S,103D-13M-15.16S
2023,164036,0,38D-21M-52.73S,89D-18M-41.64S
2023,164037,0,32D-53M-58.08S,100D-38M-47.01S
2023,164038,1,34D-42M-47.93S,92D-47M-40.51S
2023,164039,1,32D-58M-32.45S,83D-41M-10.54S
2023,164040,0,44D-29M-41.02S,118D-14M-1.36S
2023,164041,1,36D-17M-49.49S,79D-28M-50.07S
2023,164042,1,49D-59M-0.05S,97D-30M-11.95S
2023,164043,0,48D-13M-1S,78D-58M-34.27S
2023,164044,1,42D-1M-42.32S,75D-48M-19.3S
2023,164103,0,36D-39M-48.66S,93D-54M-14.1S
2023,164129,0,40D-1M-19.66S,116D-38M-48.62S
2023,165001,0,41D-39M-25.74S,94D-9M-27.36S
2023,165002,1,38D-59M-32.11S,76D-57M-4.06S
2023,165003,1,35D-35M-40.6S,99D-1M-18.89S
2023,165005,1,59D-49M-30.3S,160D-44M-10.68S
2023,165006,0,47D-34M-23.71S,68D-12M-51.6S
2023,165007,0,49D-43M-58.56S,105D-43M-59.73S
2023,165009,0,49D-27M-9.06S,112D-24M-11.11S
2023,165011,0,44D-44M-52.9S,64D-27M-49.71S
2023,165013,0,53D-42M-58.42S,113D-48M-27.39S
2023,165014,0,44D-7M-13.24S,85D-49M-39.77S
2023,165017,0,41D-46M-20S,108D-18M-7.39S
2023,165018,1,39D-30M-54.13S,75D-7M-18.33S
2023,165019,0,39D-29M-45.73S,75D-54M-24.88S
2023,165020,1,40D-38M-34.16S,95D-7M-10.94S
2023,165021,0,45D-23M-40.59S,61D-49M-20.81S
2023,165022,1,47D-42M-27.89S,72D-46M-30.25S
2023,165023,0,46D-13M-8.87S,84D-21M-56.71S
2023,165025,0,54D-20M-21.35S,110D-22M-50.04S
2023,165026,0,51D-27M-55.99S,111D-23M-19.27S
2023,165027,0,50D-13M-18.33S,90D-42M-13.53S
2023,165028,1,44D-3M-53.75S,80D-32M-33.15S
2023,165029,0,41D-48M-6.66S,79D-58M-55.08S
2023,165030,0,60D-28M-23.24S,151D-17M-19.16S
2023,165031,0,41D-20M-17.27S,111D-40M-10.35S
2023,165033,1,36D-9M-32.25S,117D-53M-4.23S
2023,165034,0,41D-47M-29.41S,124D-3M-16.08S
2023,165035,0,47D-56M-54.38S,121D-29M-26.76S
2023,165036,0,42D-42M-51.18S,97D-57M-37.06S
2023,165037,0,60D-41M-59.06S,161D-36M-20.2S
2023,165038,0,42D-22M-33.26S,121D-48M-12.15S
2023,165117,0,41D-37M-33.45S,120D-44M-58.45S
2023,165130,0,43D-17M-26.17S,72D-51M-34.7S
2023,166001,1,49D-40M-1.98S,92D-39M-12.84S
2023,166002,1,37D-31M-42.54S,81D-47M-57.91S
2023,166003,0,32D-34M-4.07S,111D-19M-58.11S
2023,166005,0,44D-21M-51.85S,120D-28M-22.47S
2023,166006,0,29D-11M-29.08S,82D-17M-29.64S
2023,166007,0,43D-9M-46.13S,70D-43M-25.33S
2023,166008,1,43D-11M-11.01S,100D-56M-25.5S
2023,166011,1,50D-38M-53.65S,93D-14M-22.92S
2023,166012,0,43D-34M-15.77S,76D-5M-35.12S
2023,166013,1,52D-44M-26.67S,105D-39M-55.51S
2023,166015,0,44D-37M-34.68S,111D-32M-20.15S
2023,166016,0,34D-42M-8.36S,119D-0M-0.63S
2023,166017,1,34D-51M-8.37S,111D-25M-26.99S
2023,166018,0,60D-3M-53.67S,113D-10M-34.04S
2023,166021,0,33D-13M-9.27S,90D-42M-14.95S
2023,166022,1,56D-21M-41.14S,116D-59M-3.56S
2023,166024,0,44D-1M-40.05S,91D-25M-51.22S
2023,166025,1,41D-15M-11.49S,121D-50M-9.88S
2023,166026,0,32D-12M-1.52S,84D-17M-24.52S
2023,166027,1,44D-52M-34.18S,75D-8M-30.39S
2023,166031,1,41D-47M-56.22S,86D-44M-22.61S
2023,166032,1,52D-4M-30.84S,111D-39M-24.51S
2023,166033,0,39D-58M-47.09S,121D-42M-46.41S
2023,166034,0,42D-46M-0.61S,98D-36M-52.5S
2023,166035,1,67D-6M-7.28S,158D-16M-58.55S
2023,166039,0,36D-25M-30.57S,75D-55M-48.82S
2023,166040,1,46D-6M-25.12S,88D-10M-2.07S
2023,166041,1,49D-19M-38.63S,107D-6M-9.2S
2023,166042,0,35D-28M-9.46S,76D-36M-18.83S
2023,166043,0,34D-39M-7.97S,83D-17M-20.48S
2023,166046,1,41D-14M-20.15S,112D-31M-46.84S
2023,166047,0,31D-35M-14.79S,93D-10M-56.47S
2023,166048,0,43D-49M-59.6S,103D-38M-25.17S
2023,166049,0,31D-52M-24.95S,96D-14M-51.5S
2023,166050,1,46D-7M-20.98S,104D-28M-39.8S
2023,166051,1,56D-38M-1.23S,131D-52M-37.07S
2023,166056,1,44D-19M-6.58S,69D-51M-46.45S
2023,166057,0,42D-42M-12.87S,82D-14M-30.6S
2023,166058,0,64D-44M-49.02S,156D-58M-51.84S
2023,166059,1,35D-47M-25.86S,118D-38M-22.51S
2023,166060,1,42D-23M-28.04S,72D-6M-1.27S
2023,166061,0,41D-10M-35.89S,96D-4M-56.82S
2023,166064,1,34D-2M-3.8S,87D-4M-24.03S
2023,166065,0,29D-15M-37.46S,82D-14M-56.96S
2023,166066,1,48D-57M-40.07S,118D-59M-20.45S
2023,166067,1,52D-30M-27.21S,117D-30M-57.38S
2023,166068,1,37D-6M-55.11S,102D-48M-32.3S
2023,166072,1,30D-11M-27.51S,83D-55M-59.46S
2023,166073,0,40D-52M-26.1S,90D-30M-21.46S
2023,166074,1,37D-36M-26.25S,104D-46M-53.06S
2023,166075,1,56D-23M-24.54S,132D-20M-54.23S
2023,166076,0,55D-32M-57.34S,119D-1M-54.1S
2023,166080,1,43D-1M-57.02S,93D-34M-54.08S
2023,166081,0,27D-0M-3.61S,80D-21M-32.72S
2023,166082,1,30D-30M-4.58S,87D-35M-26.53S
2023,166083,0,37D-25M-20.77S,118D-2M-30.73S
2023,166085,0,50D-6M-39.42S,103D-42M-46.07S
2023,166086,0,43D-34M-59.91S,94D-20M-4.96S
2023,166087,0,46D-9M-3.08S,72D-23M-38.38S
2023,166088,0,66D-45M-35.46S,151D-45M-56.02S
2023,166107,1,44D-10M-5.12S,72D-45M-20.24S
2023,166112,0,29D-54M-37.62S,81D-20M-54.86S
2023,166113,1,46D-39M-58.76S,75D-5M-47.76S
2023,166116,0,53D-46M-7.12S,115D-36M-20.22S
2023,166118,1,45D-42M-11.49S,91D-9M-32.48S
2023,166126,0,40D-10M-34.76S,74D-4M-20.58S
2023,166141,1,48D-17M-4.46S,89D-42M-46.32S
2023,166148,1,43D-8M-29.55S,105D-43M-12.74S
2023,166150,0,38D-20M-30.91S,103D-57M-11.57S
2023,166151,0,38D-39M-55.3S,109D-48M-4.21S
2023,166157,0,41D-33M-35.92S,75D-14M-23.5S
2023,166159,1,28D-45M-7.34S,95D-46M-7.39S
2023,166161,0,42D-6M-46.5S,82D-43M-42.57S
2023,166165,0,42D-39M-33.95S,74D-52M-57.68S
2023,166166,0,45D-2M-39.07S,71D-54M-42.75S
2023,166168,0,44D-10M-12.29S,71D-43M-55.9S
2023,166181,0,34D-30M-14.53S,83D-32M-51.35S
2023,166188,0,46D-10M-17.76S,85D-25M-44.13S
2023,166251,0,44D-58M-52.75S,122D-58M-46.01S
2023,166901,0,30D-54M-15.19S,87D-25M-2.87S
2023,166902,0,43D-52M-22.06S,79D-58M-1.33S
2023,166903,1,31D-54M-1.31S,84D-59M-49.54S
2023,166904,0,40D-37M-33.92S,86D-11M-35.09S
2023,166905,0,58D-42M-51.81S,156D-41M-36.25S
2023,166906,1,44D-10M-9.24S,107D-31M-13.14S
2023,166907,0,46D-41M-53.52S,74D-31M-13.17S
2023,166908,1,42D-57M-16.19S,71D-5M-50.17S
2023,167001,0,47D-42M-13.52S,114D-10M-1S
2023,167002,1,55D-40M-48.57S,95D-45M-49.48S
2023,167003,0,32D-20M-19.53S,112D-46M-55.76S
2023,167004,0,36D-42M-46.31S,88D-12M-21.98S
2023,167005,0,45D-41M-33.8S,75D-35M-13.96S
2023,167006,1,34D-12M-24.41S,86D-30M-14.8S
2023,167007,1,36D-37M-28.61S,106D-54M-45.81S
2023,167008,0,37D-46M-24.77S,119D-1M-27.4S
2023,167009,0,29D-54M-36.58S,82D-52M-44.89S
2023,167010,0,45D-47M-57.36S,119D-25M-18.75S
2023,167011,1,37D-23M-49.65S,97D-19M-44.14S
2023,167012,1,29D-54M-36.28S,90D-57M-27.75S
2023,167013,0,34D-30M-32.41S,79D-25M-46.99S
2023,167014,1,45D-33M-50.63S,108D-44M-13.06S
2023,167015,0,38D-31M-48.47S,113D-10M-1.79S
2023,167016,0,48D-49M-58.05S,117D-14M-38.76S
2023,167017,1,40D-15M-29.86S,80D-45M-21.76S
2023,167018,0,28D-21M-27.47S,82D-43M-36.06S
2023,167019,0,41D-52M-33.96S,72D-57M-6.9S
2023,167020,0,47D-7M-14.08S,123D-8M-24.25S
2023,167021,1,41D-54M-43.96S,77D-24M-29.57S
2023,167022,0,35D-27M-41.75S,113D-0M-39.71S
2023,167023,0,50D-36M-18.81S,99D-27M-32.98S
2023,167024,0,39D-59M-51.77S,104D-30M-47.94S
2023,167025,0,47D-54M-54.05S,72D-15M-19.18S
2023,167026,0,38D-59M-37.3S,77D-1M-19.5S
2023,167027,1,38D-21M-59.3S,123D-4M-56.05S
2023,167028,0,47D-46M-30.78S,68D-52M-28.44S
2023,167029,1,34D-11M-19.68S,98D-32M-32.97S
2023,167030,0,31D-57M-17.87S,110D-57M-2.13S
2023,167031,1,30D-36M-54.17S,95D-37M-31.95S
2023,167032,1,67D-52M-40.39S,163D-19M-27.7S
2023,167033,0,33D-43M-27.22S,106D-56M-9.83S
2023,167034,0,61D-20M-14.99S,149D-15M-36.29S
2023,167035,1,40D-58M-8.24S,79D-43M-46.42S
2023,167050,0,32D-10M-4.32S,98D-3M-39.37S
2023,167051,0,52D-4M-27S,115D-48M-15.05S
2023,167052,0,40D-38M-43.65S,102D-7M-54.09S
2023,167053,0,37D-3M-13.68S,77D-10M-48.53S
2023,167054,0,47D-45M-14.91S,53D-29M-47.82S
2023,167055,1,33D-38M-33.73S,84D-53M-32.76S
2023,167056,0,49D-52M-38.48S,90D-11M-32.98S
2023,167057,1,41D-3M-54.21S,120D-28M-10.72S
2023,167058,0,48D-58M-46.97S,122D-9M-12.87S
2023,167059,1,36D-53M-41.27S,108D-3M-14.78S
2023,167060,0,31D-46M-6.57S,104D-58M-29.81S
2023,167061,0,39D-31M-37.26S,108D-28M-41.35S
2023,167062,1,37D-2M-10.63S,79D-1M-55S
2023,167063,0,44D-1M-29.97S,97D-40M-10.75S
2023,167064,0,49D-11M-32.8S,124D-10M-34.2S
2023,167065,1,27D-3M-6.13S,98D-47M-21.44S
2023,167066,0,49D-24M-16.16S,123D-32M-38.72S
2023,167067,1,45D-20M-50.96S,80D-0M-52.65S
2023,167068,0,30D-52M-48.18S,87D-42M-43.74S
2023,167069,1,31D-35M-34.97S,99D-25M-46.37S
2023,167070,1,38D-46M-36.05S,86D-32M-8.82S
2023,167071,0,35D-8M-37.95S,116D-57M-54.25S
2023,167103,0,39D-13M-7.12S,114D-0M-47.01S
2023,167106,0,46D-21M-32.53S,98D-41M-30.04S
2023,167125,1,43D-49M-22.71S,93D-30M-45.41S
2023,167129,0,42D-31M-57.11S,82D-4M-3.72S
2023,167161,1,39D-21M-25.4S,83D-50M-50.01S
2023,167900,0,41D-33M-6.42S,73D-13M-49.87S
2023,167901,0,44D-19M-24.01S,69D-51M-8.86S
2023,167902,1,42D-58M-30.95S,119D-5M-59.15S
2023,167903,0,44D-54M-52.62S,91D-7M-10.07S
2023,167904,0,44D-35M-43.96S,92D-33M-45.73S
2023,167905,1,39D-58M-43.28S,82D-32M-18.67S
2023,167906,0,48D-8M-54.94S,70D-1M-58.71S
2023,168001,1,39D-15M-20.14S,123D-10M-14.97S
2023,168002,0,65D-3M-31.65S,146D-3M-4.59S
2023,168003,1,36D-18M-45.52S,95D-41M-29.82S
2023,168004,0,45D-12M-51.43S,62D-13M-29.27S
2023,168005,0,47D-37M-5.2S,94D-51M-47.17S
2023,168006,1,34D-44M-8.62S,89D-49M-58.96S
2023,168007,0,61D-15M-25.48S,135D-28M-41.38S
2023,168008,1,43D-40M-36.87S,80D-44M-20.83S
2023,168009,0,61D-22M-26.45S,120D-52M-6.6S
2023,168010,1,48D-49M-48.56S,96D-32M-57.93S
2023,168011,0,40D-48M-47.54S,73D-12M-52.61S
2023,168012,0,51D-28M-54.86S,99D-9M-34.56S
2023,168013,0,45D-14M-22.74S,70D-11M-20.34S
2023,168014,0,43D-58M-20.97S,78D-22M-15.62S
2023,168015,0,42D-48M-8.45S,73D-16M-14.73S
2023,168016,0,60D-10M-43.91S,133D-52M-39.44S
2023,168017,0,40D-3M-23.28S,91D-6M-46.11S
2023,168018,0,25D-40M-3.49S,81D-0M-54.27S
2023,168019,0,46D-43M-0.57S,60D-55M-52.21S
2023,168020,1,48D-52M-7.33S,124D-48M-57.91S
2023,168021,0,32D-49M-3.93S,90D-10M-9.81S
2023,168022,0,43D-49M-19.89S,103D-35M-55.42S
2023,168023,1,39D-3M-59.28S,74D-55M-8.36S
2023,168024,1,45D-15M-19.17S,108D-39M-48.98S
2023,168025,1,35D-42M-48.46S,106D-37M-26.23S
2023,168026,0,48D-18M-50.26S,80D-9M-2.59S
2023,168027,0,40D-11M-33.7S,100D-15M-11.61S
2023,168028,1,35D-22M-0.88S,94D-20M-18.07S
2023,168029,0,38D-37M-29.44S,82D-25M-12.91S
2023,168030,0,41D-6M-30.89S,123D-5M-8.94S
2023,168031,1,42D-44M-32.96S,122D-35M-6.56S
2023,168032,0,45D-32M-16.75S,103D-2M-3.52S
2023,168033,0,38D-26M-55.69S,107D-20M-44.79S
2023,168034,0,43D-50M-33.42S,81D-43M-45.6S
2023,168035,1,36D-9M-25.47S,81D-5M-36.16S
2023,168036,0,44D-43M-24.52S,110D-42M-51S
2023,168037,0,41D-56M-56.49S,71D-5M-33.84S
2023,168038,0,43D-35M-17.52S,96D-11M-59.31S
2023,168039,1,49D-24M-49.77S,120D-14M-39.57S
2023,168040,0,36D-19M-5.5S,104D-25M-25.85S
2023,168041,1,44D-21M-27.53S,104D-7M-56.69S
2023,168042,1,42D-8M-1.57S,89D-46M-56.65S
2023,168043,1,38D-17M-28.29S,92D-51M-39.1S
2023,168044,0,37D-14M-44.82S,89D-48M-37.52S
2023,168045,0,41D-13M-28.26S,106D-39M-6.97S
2023,168046,1,58D-22M-8.3S,134D-35M-11.96S
2023,168047,1,45D-14M-47.83S,67D-41M-14.76S
2023,168048,0,29D-40M-31.32S,85D-14M-3.82S
2023,168049,0,34D-55M-21.75S,85D-52M-51.68S
2023,168050,0,34D-42M-45.19S,93D-5M-50.38S
2023,168051,0,40D-28M-0.56S,78D-59M-36.57S
2023,168052,0,55D-55M-0.98S,130D-1M-0.43S
2023,168053,0,36D-18M-13.64S,79D-43M-10.31S
2023,168054,0,38D-24M-39.03S,86D-49M-42.18S
2023,168056,1,50D-8M-5.01S,86D-33M-12.83S
2023,168057,1,38D-27M-54.02S,76D-38M-35.37S
2023,168058,1,40D-29M-51.43S,89D-31M-0.31S
2023,168059,0,40D-20M-42.01S,78D-20M-49.6S
2023,168060,0,31D-33M-32.26S,93D-30M-53.3S
2023,168061,1,39D-31M-44.81S,106D-22M-24.19S
2023,168062,0,39D-56M-22.76S,80D-45M-30.38S
2023,168063,0,35D-43M-27.13S,82D-11M-15.65S
2023,168064,0,30D-51M-54.48S,86D-50M-57.88S
2023,168065,1,54D-22M-10.99S,99D-4M-46.2S
2023,168066,0,48D-29M-40.76S,122D-37M-8.22S
2023,168067,0,34D-25M-4.61S,100D-12M-1.1S
2023,168068,0,45D-59M-24.67S,77D-24M-3.61S
2023,168069,0,36D-26M-25.15S,116D-51M-54.67S
2023,168072,0,41D-49M-17.94S,84D-25M-35.26S
2023,168073,1,43D-29M-44.18S,82D-38M-41.84S
2023,168074,1,43D-41M-4.6S,118D-41M-50.69S
2023,168075,0,44D-25M-46.6S,114D-44M-10.95S
2023,168076,1,50D-49M-28.3S,119D-35M-31.5S
2023,168077,1,45D-17M-37.48S,112D-35M-41.23S
2023,168078,0,43D-1M-26.93S,79D-17M-26.77S
2023,168080,0,49D-32M-41.03S,97D-41M-19.71S
2023,168083,1,52D-0M-47.71S,110D-45M-31.39S
2023,168113,0,37D-30M-53.48S,76D-28M-7.88S
2023,168117,1,37D-36M-26.24S,87D-51M-16.64S
2023,168119,0,40D-48M-46.53S,107D-42M-16.9S
2023,168121,0,53D-10M-8.13S,108D-48M-57.11S
2023,168130,0,35D-46M-38.4S,108D-4M-4.18S
2023,168142,0,51D-4M-39.98S,96D-46M-4.61S
2023,168143,1,37D-40M-7.57S,118D-40M-36.86S
2023,168144,1,41D-11M-50.7S,123D-45M-55.1S
2023,168201,0,32D-14M-4.41S,106D-48M-9.16S
2023,168202,0,49D-12M-14.52S,67D-57M-16.7S
2023,168203,0,39D-33M-28.06S,83D-50M-55.78S
2023,168204,0,48D-41M-41.7S,93D-13M-8.13S
2023,168206,0,30D-43M-12.35S,86D-7M-5.41S
2023,168207,0,45D-19M-22.29S,67D-46M-48.14S
2023,168208,0,43D-33M-37.62S,79D-45M-6.64S
2023,168209,0,41D-7M-3.73S,99D-41M-23.17S
2023,168210,0,40D-36M-14.54S,113D-51M-17.36S
2023,168211,0,44D-42M-55S,63D-42M-39.54S
2023,168212,1,47D-45M-13.31S,120D-42M-7.87S
2023,168213,0,37D-24M-18.45S,80D-31M-8.7S
2023,168214,0,46D-17M-47.18S,81D-21M-23.65S
2023,168215,0,43D-6M-58.15S,123D-17M-29.99S
2023,168216,0,47D-48M-55.97S,95D-9M-47.14S
2023,168217,0,48D-36M-50.34S,89D-54M-41.38S
2023,168218,1,44D-39M-4.1S,66D-53M-40.52S
2023,168219,0,43D-45M-11.86S,115D-15M-12.87S
2023,168220,0,43D-59M-42.38S,76D-7M-26.59S
2023,168222,0,44D-24M-1.89S,90D-39M-13.97S
2023,168223,0,40D-5M-33.94S,80D-21M-46.96S
2023,168224,0,44D-15M-42.52S,76D-47M-36.58S
2023,168225,1,48D-47M-39.96S,113D-26M-18.1S
2023,168226,0,40D-40M-48.6S,78D-34M-18.82S
2023,168227,0,56D-21M-24.95S,132D-46M-20.82S
2023,168228,0,44D-25M-25.11S,104D-25M-51.32S
2023,168230,1,36D-10M-3.55S,88D-14M-39.75S
2023,168231,1,44D-7M-22.81S,71D-21M-6.02S
2023,168232,0,36D-55M-20.18S,86D-20M-13.43S
2023,168233,0,39D-35M-47.36S,89D-31M-9.61S
2023,168234,1,33D-49M-27.64S,80D-3M-1.5S
2023,168235,0,48D-20M-23.91S,66D-38M-18.48S
2023,168236,0,46D-37M-41.78S,113D-52M-44.39S
2023,168237,0,53D-0M-36.95S,99D-15M-0.51S
2023,168238,0,64D-1M-3.74S,138D-43M-20.47S
2023,168239,0,45D-58M-14.46S,92D-30M-49.22S
2023,168240,0,43D-21M-44.78S,123D-30M-29.08S
2023,168241,0,48D-5M-31.49S,119D-44M-24.04S
2023,168242,0,38D-12M-58.38S,97D-12M-59.74S
2023,168243,0,30D-30M-18.18S,82D-45M-35.79S
2023,168244,0,39D-7M-43.24S,87D-3M-10.79S
2023,168245,0,34D-59M-54.46S,89D-48M-26.39S
2023,168246,0,40D-37M-33.16S,73D-28M-17.42S
2023,168247,0,29D-50M-47.94S,81D-49M-5.71S
2023,168248,0,37D-52M-40.96S,96D-21M-2.7S
2023,168249,0,38D-9M-33.56S,92D-36M-9.67S
2023,168250,0,50D-52M-30.17S,121D-48M-18.95S
2023,168251,1,62D-56M-41.06S,141D-36M-39.34S
2023,168252,1,32D-37M-14.91S,94D-42M-3.02S
2023,168253,0,41D-43M-26.84S,102D-30M-30.6S
2023,168254,0,40D-48M-2.2S,91D-3M-23.93S
2023,168255,0,35D-25M-2.61S,79D-50M-13.45S
2023,168256,0,46D-52M-48.83S,89D-18M-5.16S
2023,168257,1,26D-4M-34.02S,80D-45M-38.44S
2023,168258,0,37D-37M-39.22S,121D-45M-34.32S
2023,168259,0,46D-45M-25.46S,95D-28M-31.54S
2023,168260,1,54D-14M-34.95S,114D-3M-27.56S
2023,168261,0,47D-29M-27.79S,91D-18M-0.18S
2023,168262,0,39D-14M-23.77S,106D-46M-15.62S
2023,168263,0,43D-5M-4.25S,116D-37M-58.71S
2023,168264,1,42D-21M-14.3S,112D-25M-52.36S
2023,168265,0,39D-16M-13.22S,108D-50M-49.18S
2023,168266,1,52D-33M-29.97S,115D-45M-42.46S
2023,168267,0,45D-20M-43.48S,88D-39M-3.96S
2023,168268,0,38D-45M-28.24S,121D-3M-39.3S
2023,168269,0,49D-46M-32.85S,111D-31M-22.75S
2023,168270,1,45D-10M-42.38S,118D-12M-9.27S
2023,168271,0,44D-44M-5.02S,72D-43M-21.55S
2023,168272,0,38D-19M-50.87S,89D-42M-34.52S
2023,168273,0,46D-35M-2.27S,116D-50M-41.06S
2023,168274,0,44D-41M-12.81S,69D-12M-3.76S
2023,168275,1,38D-27M-53.69S,98D-58M-13.57S
2023,168276,0,42D-43M-1.26S,73D-18M-7.19S
2023,168277,1,62D-5M-54.83S,135D-20M-44.8S
2023,168278,0,44D-6M-57.13S,72D-8M-39.53S
2023,168279,1,45D-16M-20.55S,84D-59M-20.56S
2023,168280,0,46D-35M-50.33S,100D-6M-7.45S
2023,168281,1,41D-13M-46.97S,73D-38M-38.07S
2023,168282,1,48D-7M-8.51S,114D-28M-31.55S
2023,168283,0,46D-14M-36.01S,86D-13M-43.79S
2023,168284,0,30D-42M-52.89S,90D-31M-7.2S
2023,168285,0,36D-8M-18.77S,76D-29M-5.63S
2023,168286,1,32D-58M-15.01S,91D-31M-39.77S
2023,168287,0,43D-53M-55.99S,74D-14M-42.88S
2023,168288,0,46D-21M-14.46S,121D-35M-45.21S
2023,168289,1,55D-35M-30.8S,94D-25M-32.02S
2023,168290,1,26D-18M-9.58S,81D-29M-37.72S
2023,168291,0,49D-3M-43.32S,84D-6M-48.47S
2023,168292,0,32D-53M-7.65S,85D-15M-24.48S
2023,168294,0,44D-36M-31.23S,70D-57M-11.56S
2023,168295,1,35D-10M-31S,84D-24M-50.3S
2023,168296,0,44D-52M-0.8S,105D-40M-22.03S
2023,168297,0,39D-40M-29.62S,84D-51M-10.08S
2023,168298,0,48D-27M-42.51S,117D-34M-44.26S
2023,168299,1,46D-7M-20.46S,102D-5M-59.2S
2023,168300,1,45D-12M-42.86S,79D-2M-6.57S
2023,168303,0,50D-45M-37.42S,110D-15M-36.62S
2023,168308,0,45D-38M-33.64S,68D-5M-47.69S
2023,168313,0,38D-38M-49.09S,85D-57M-16.23S
2023,168314,0,53D-37M-42.85S,102D-5M-1.27S
2023,168316,1,33D-29M-17.06S,88D-12M-1.57S
2023,168317,0,46D-1M-46.63S,79D-39M-23.17S
2023,168319,0,33D-55M-14.71S,99D-13M-16.48S
2023,168323,0,44D-37M-53.84S,90D-3M-18.71S
2023,168324,0,31D-43M-58.64S,84D-46M-27.53S
2023,168325,0,44D-6M-6.17S,105D-16M-34.23S
2023,168326,1,40D-21M-40.43S,122D-17M-3.63S
2023,168327,0,42D-53M-10.87S,110D-13M-21.34S
2023,168328,1,44D-9M-34.06S,75D-41M-12.75S
2023,168330,1,46D-3M-49.32S,121D-30M-7.8S
2023,168336,1,55D-26M-17.54S,120D-2M-27.49S
2023,168338,0,35D-46M-42.88S,107D-8M-15.16S
2023,168350,0,46D-5M-3.03S,96D-28M-4.92S
2023,168352,1,28D-39M-16.9S,82D-21M-4.85S
2023,168430,0,40D-11M-26.06S,121D-33M-57.1S
2023,168900,0,42D-13M-49.81S,72D-28M-59.38S
2023,168901,1,37D-5M-52.74S,76D-59M-9.04S
2023,168902,0,43D-39M-51.95S,122D-18M-31.66S
2023,168907,0,36D-52M-47.53S,89D-3M-36.71S
2023,169001,1,47D-13M-33.15S,103D-22M-14.56S
2023,169002,1,40D-5M-7.54S,94D-51M-24.96S
2023,169003,1,50D-34M-50.75S,120D-5M-37.08S
2023,169004,1,30D-12M-2.53S,98D-5M-10.22S
2023,169005,1,34D-28M-13.69S,94D-55M-40.26S
2023,169006,1,42D-11M-31.75S,88D-59M-14.02S
2023,169007,0,44D-59M-43.13S,67D-24M-4.19S
2023,169008,1,29D-49M-25.81S,97D-45M-13.44S
2023,169009,0,49D-4M-25.07S,119D-16M-6.53S
2023,169010,0,39D-19M-11.83S,88D-12M-17.84S
2023,169011,0,34D-9M-37.63S,77D-56M-47.36S
2023,169012,0,31D-25M-22.02S,86D-16M-11.81S
2023,169013,0,29D-47M-5.15S,95D-51M-23.61S
2023,169014,0,35D-37M-17.29S,93D-17M-11.21S
2023,169015,1,36D-47M-33.1S,103D-58M-1.86S
2023,169017,0,38D-16M-38.47S,76D-10M-44.38S
2023,169018,0,40D-5M-33.05S,84D-10M-43.13S
2023,169019,1,41D-5M-28.22S,80D-21M-56.76S
2023,169020,1,37D-13M-0.41S,117D-46M-27.88S
2023,169021,0,39D-36M-38.25S,78D-8M-39.19S
2023,169022,0,42D-31M-34.63S,71D-31M-21.79S
2023,169023,1,50D-45M-4.75S,104D-16M-54.6S
2023,169024,1,44D-32M-0.21S,120D-30M-44.03S
2023,169025,1,30D-32M-23.32S,86D-30M-14.14S
2023,169026,0,36D-20M-35.05S,80D-46M-24.2S
2023,169027,0,31D-27M-35.86S,82D-49M-31.05S
2023,169028,0,42D-2M-47.86S,94D-33M-42.23S
2023,169029,1,27D-41M-2.85S,80D-31M-36.4S
2023,169030,0,38D-15M-58.37S,75D-9M-57.53S
2023,169031,0,44D-22M-29.37S,91D-43M-1.12S
2023,169032,0,40D-56M-9.91S,99D-31M-19.37S
2023,169033,0,35D-11M-43.22S,79D-20M-32.99S
2023,169034,0,33D-9M-22.18S,88D-38M-41.11S
2023,169035,0,43D-25M-34.67S,73D-1M-2.02S
2023,169036,0,53D-16M-2.14S,120D-4M-13.03S
2023,169038,0,39D-26M-47.15S,92D-33M-52.09S
2023,169039,0,46D-38M-51.95S,120D-58M-43.82S
2023,169040,1,48D-42M-38.82S,68D-24M-55.87S
2023,169041,0,39D-41M-26.65S,99D-34M-37.5S
2023,169042,0,48D-49M-27.03S,56D-44M-37.76S
2023,169043,0,35D-50M-25.29S,81D-50M-53.38S
2023,169044,1,47D-24M-21.83S,117D-31M-47.54S
2023,169045,1,44D-34M-44.62S,78D-7M-49.26S
2023,169046,0,44D-3M-15.8S,84D-29M-1.71S
2023,169047,1,42D-49M-12S,73D-43M-55.03S
2023,169048,1,62D-27M-53.47S,131D-24M-26.63S
2023,169049,1,36D-29M-4.09S,116D-20M-33.01S
2023,169050,0,42D-11M-9.79S,91D-23M-51.85S
2023,169051,1,36D-47M-41.4S,80D-13M-59.65S
2023,169052,1,29D-45M-7.87S,96D-4M-10.72S
2023,169053,1,34D-25M-58.22S,90D-29M-0.93S
2023,169054,1,39D-30M-42.81S,120D-10M-16.79S
2023,169055,0,40D-40M-34.56S,79D-14M-54.33S
2023,169056,0,44D-47M-0.71S,85D-48M-7.52S
2023,169057,1,39D-20M-58.72S,98D-47M-2.26S
2023,169058,0,59D-48M-33.54S,134D-50M-33.28S
2023,169059,1,46D-23M-42.94S,120D-28M-36.23S
2023,169060,0,44D-48M-59.78S,68D-10M-18.18S
2023,169061,1,46D-50M-8S,90D-57M-27.44S
2023,169062,0,40D-44M-27.09S,109D-30M-49.46S
2023,169063,0,30D-46M-19.69S,92D-28M-6.97S
2023,169064,1,37D-59M-34.17S,77D-50M-38.23S
2023,169105,0,54D-1M-27.76S,113D-20M-29.63S
2023,169112,1,56D-24M-18.68S,120D-24M-40.61S
2023,169117,1,45D-20M-48.42S,91D-29M-40.36S
2023,169120,1,41D-51M-7.03S,122D-9M-39.62S
2023,169127,0,39D-48M-35.79S,105D-8M-4.56S
2023,169136,0,48D-53M-24.11S,100D-13M-53S
2023,169139,1,48D-9M-57.01S,70D-4M-29.05S
2023,169142,1,44D-31M-49.89S,119D-56M-57.29S
2023,169147,0,33D-54M-19.94S,92D-36M-10.38S
2023,169155,0,55D-27M-34.56S,116D-25M-55.42S
2023,169164,0,39D-30M-48.88S,75D-41M-35.96S
2023,169201,1,40D-38M-49.74S,98D-50M-13.79S
2023,169202,0,39D-22M-22.25S,75D-58M-55.37S
2023,169203,0,46D-27M-50.06S,77D-35M-21.74S
2023,169204,0,35D-38M-40.78S,82D-30M-35.71S
2023,169205,0,52D-14M-47.71S,116D-23M-21.08S
2023,169206,0,30D-34M-22.07S,90D-3M-34.05S
2023,169207,1,43D-52M-8.72S,112D-49M-48.57S
2023,169208,0,41D-49M-59.43S,99D-35M-43.76S
2023,169209,0,38D-50M-5.48S,78D-45M-3.44S
2023,169210,1,40D-5M-6.95S,94D-51M-51.09S
2023,169211,0,40D-20M-58.86S,77D-23M-41.53S
2023,169212,0,41D-55M-57.92S,114D-13M-55.16S
2023,169213,0,43D-49M-23.63S,91D-42M-53.19S
2023,169214,0,45D-42M-14.24S,118D-14M-49.6S
2023,169215,0,50D-18M-40.29S,112D-0M-11.55S
2023,169217,0,43D-2M-2.2S,95D-34M-46.13S
2023,169218,0,48D-45M-41.94S,123D-33M-56.2S
2023,169219,1,40D-12M-12.93S,74D-36M-28.45S
2023,169220,1,37D-56M-31.31S,85D-7M-26.58S
2023,169221,0,41D-15M-30.28S,73D-15M-22.42S
2023,169222,0,26D-6M-57.33S,97D-58M-11.99S
2023,169223,0,41D-9M-24.96S,82D-48M-51.48S
2023,169224,0,30D-45M-5.86S,96D-42M-18.47S
2023,169225,0,49D-39M-51.97S,67D-24M-41.35S
2023,169226,1,30D-12M-4.91S,96D-40M-19.63S
2023,169227,0,45D-41M-7.17S,118D-46M-18.93S
2023,169228,1,45D-0M-47.16S,121D-36M-7.93S
2023,169229,0,30D-39M-10.02S,83D-53M-56.86S
2023,169230,0,42D-15M-55.33S,102D-53M-29.99S
2023,169231,1,37D-31M-50.21S,103D-7M-58.48S
2023,169232,1,39D-24M-47.63S,89D-12M-15.68S
2023,169233,0,53D-27M-7.44S,111D-7M-28.77S
2023,169234,1,39D-9M-32.44S,97D-31M-28.92S
2023,169235,0,44D-59M-28.2S,69D-27M-52.02S
2023,169236,1,47D-59M-44.6S,122D-10M-23.81S
2023,169237,0,62D-57M-45.91S,155D-35M-32.3S
2023,169238,0,39D-15M-32.09S,82D-17M-58.78S
2023,169239,1,45D-34M-54.46S,67D-21M-38.71S
2023,169240,0,46D-45M-10.02S,68D-14M-24.83S
2023,169241,0,49D-42M-23.89S,117D-30M-59.03S
2023,169242,0,48D-20M-24.53S,109D-6M-2.75S
2023,169243,1,35D-14M-38.21S,83D-52M-54.11S
2023,169244,0,33D-52M-48.89S,78D-48M-23.77S
2023,169245,0,44D-7M-40.16S,74D-39M-26.83S
2023,169246,1,43D-48M-38.41S,104D-47M-22.67S
2023,169247,0,40D-12M-4.92S,120D-38M-54.11S
2023,169248,1,52D-0M-41.12S,111D-49M-33.21S
2023,169249,0,34D-32M-7.94S,78D-1M-48.49S
2023,169250,0,44D-47M-53.5S,85D-48M-11.83S
2023,169251,0,39D-6M-41.39S,77D-0M-43.88S
2023,169252,0,38D-43M-10.03S,85D-43M-34.75S
2023,169253,0,49D-59M-47.97S,118D-20M-41.58S
2023,169254,0,43D-39M-14S,121D-49M-23.49S
2023,169255,1,43D-12M-4.73S,94D-1M-17.61S
2023,169256,0,41D-41M-56.71S,106D-44M-9.2S
2023,169336,0,37D-42M-50.08S,78D-48M-38.8S
2023,169900,0,31D-37M-24.56S,83D-55M-44.35S
2023,169901,1,46D-32M-18.34S,115D-38M-46.02S
2023,169902,1,54D-50M-35.64S,128D-52M-36.95S
2023,169903,0,33D-18M-40.94S,80D-28M-27.23S
2023,169904,1,39D-9M-14.86S,76D-33M-34.6S
2023,169905,0,44D-31M-13.75S,116D-3M-36.27S
2023,172001,0,45D-27M-28.55S,68D-20M-41.22S
2023,172002,0,31D-8M-57.87S,94D-6M-26.06S
2023,172003,1,42D-37M-4.19S,78D-5M-58.88S
2023,172004,1,47D-26M-36.06S,104D-8M-33.34S
2023,172005,0,45D-57M-3.44S,70D-39M-39.96S
2023,172006,1,34D-49M-56.12S,93D-14M-7.18S
2023,172007,0,58D-25M-36.46S,155D-7M-2.5S
2023,172008,1,52D-22M-46.87S,98D-54M-59.09S
2023,172009,0,30D-5M-34.45S,92D-18M-52.07S
2023,172010,0,38D-23M-9.77S,79D-45M-5.96S
2023,172011,0,39D-43M-44.21S,77D-20M-26.84S
2023,172012,1,39D-39M-37.29S,77D-2M-17.27S
2023,172013,0,35D-46M-48.13S,112D-57M-1.93S
2023,172014,1,33D-39M-11.48S,82D-38M-19.07S
2023,172015,0,40D-0M-25.25S,101D-11M-54.53S
2023,172016,1,48D-16M-43.32S,102D-25M-6.91S
2023,172017,0,46D-25M-33.82S,69D-13M-13.45S
2023,172018,1,39D-11M-19.13S,123D-39M-30.7S
2023,172019,0,68D-37M-11.67S,149D-27M-24.67S
2023,172020,0,42D-14M-4.85S,114D-16M-18.74S
2023,172021,0,42D-39M-17.86S,82D-55M-45.84S
2023,172022,0,39D-17M-14.06S,90D-32M-44.65S
2023,172023,0,40D-3M-19.07S,111D-16M-16.04S
2023,172024,0,30D-39M-40.6S,97D-38M-52.67S
2023,172025,1,47D-21M-36.39S,108D-57M-31.72S
2023,172026,1,34D-44M-38.02S,111D-27M-39.1S
2023,172027,0,32D-39M-12.54S,88D-9M-18.09S
2023,172028,0,36D-2M-52.74S,82D-55M-34.64S
2023,172029,1,40D-56M-25.27S,78D-4M-11.95S
2023,172030,1,40D-27M-1.14S,82D-37M-26.16S
2023,172031,1,45D-4M-42.62S,77D-42M-36.59S
2023,172032,0,36D-32M-26.48S,102D-48M-39.79S
2023,172033,0,31D-30M-15.01S,97D-35M-28.87S
2023,172034,1,32D-59M-29.34S,80D-18M-24.71S
2023,172035,0,46D-27M-28.18S,116D-35M-35.18S
2023,172036,1,38D-42M-12.46S,84D-51M-7.41S
2023,172037,1,31D-12M-59.82S,83D-16M-25.65S
2023,172038,0,34D-18M-45.02S,88D-4M-15.25S
2023,172039,0,43D-51M-54.16S,123D-15M-16S
2023,172040,0,41D-33M-55.22S,72D-36M-17.02S
2023,172041,0,55D-15M-7.01S,119D-58M-47.54S
2023,172042,0,40D-38M-32.11S,94D-39M-12.88S
2023,172043,0,33D-14M-46.38S,115D-30M-56.35S
2023,172044,0,38D-49M-4.29S,78D-34M-22.36S
2023,172045,0,42D-1M-6.64S,99D-16M-7.28S
2023,172046,0,56D-16M-8.02S,115D-5M-15.86S
2023,172047,0,38D-52M-21.78S,116D-23M-17.53S
2023,172048,0,48D-52M-45.46S,123D-52M-14.25S
2023,172049,1,35D-45M-14.33S,76D-58M-8.78S
2023,172050,1,50D-43M-50.35S,97D-4M-19.73S
2023,172051,1,46D-52M-52.79S,67D-16M-34.41S
2023,172052,1,50D-25M-29.66S,118D-46M-8.19S
2023,172053,1,47D-38M-8.3S,100D-2M-32.68S
2023,172054,0,40D-43M-47.13S,103D-24M-11.57S
2023,172055,0,28D-46M-26.04S,97D-13M-26.51S
2023,172056,0,31D-53M-22.05S,94D-31M-42.98S
2023,172057,0,41D-27M-23.85S,95D-44M-52.26S
2023,172058,1,51D-2M-4.1S,95D-42M-27.06S
2023,172059,0,46D-58M-7.56S,95D-43M-55.64S
2023,172060,0,46D-33M-17.83S,75D-21M-8.02S
2023,172061,0,38D-31M-55.63S,75D-26M-6.39S
2023,172062,1,32D-37M-35.13S,116D-13M-50.32S
2023,172063,0,66D-41M-48.24S,144D-43M-25.56S
2023,172064,1,38D-35M-39.45S,79D-28M-45.15S
2023,172065,0,46D-48M-8.71S,99D-28M-55.04S
2023,172066,1,49D-57M-4.73S,84D-9M-19.5S
2023,172067,1,45D-14M-2.83S,104D-23M-57.3S
2023,172068,0,34D-59M-22.12S,94D-4M-9.34S
2023,172069,0,33D-54M-53S,108D-7M-59.09S
2023,172070,0,38D-34M-9.77S,81D-48M-31.7S
2023,172071,1,43D-22M-16.02S,105D-25M-8.28S
2023,172072,0,37D-45M-28.79S,82D-51M-36.83S
2023,172073,0,38D-54M-36.17S,121D-5M-22.34S
2023,172074,0,39D-3M-57.68S,95D-37M-38.89S
2023,172075,1,43D-15M-6.03S,71D-12M-6.78S
2023,172076,1,45D-43M-50.24S,73D-24M-6.68S
2023,172077,0,51D-45M-5.42S,110D-33M-19.08S
2023,172078,0,45D-16M-0.7S,96D-26M-27.94S
2023,172079,0,61D-45M-37.03S,148D-44M-1.83S
2023,172080,1,34D-10M-45.15S,81D-23M-22.33S
2023,172081,1,48D-42M-27.91S,91D-28M-56.64S
2023,172082,1,34D-57M-16.1S,76D-40M-11.14S
2023,172083,1,40D-43M-47.79S,74D-43M-23.66S
2023,172084,0,39D-34M-11.02S,103D-1M-28.64S
2023,172085,1,31D-37M-35.65S,89D-49M-33.05S
2023,172086,0,47D-37M-31.98S,72D-35M-24.92S
2023,172087,1,28D-9M-44.81S,99D-47M-43.23S
2023,172088,0,49D-2M-10.55S,121D-58M-19.38S
2023,172089,0,39D-34M-40.65S,97D-49M-48.87S
2023,172090,1,30D-56M-27.27S,89D-31M-44.47S
2023,172091,0,45D-36M-37.29S,119D-57M-27.81S
2023,172092,0,48D-18M-57.1S,95D-34M-25.76S
2023,172093,1,44D-8M-54.8S,96D-12M-27.46S
2023,172094,0,50D-45M-30.31S,100D-44M-28.17S
2023,172095,0,36D-54M-59.64S,81D-35M-7.13S
2023,172096,0,42D-8M-18.77S,93D-20M-56.25S
2023,172097,0,37D-46M-23.38S,111D-39M-48.43S
2023,172098,1,37D-14M-23.27S,76D-30M-47.73S
2023,172101,0,40D-5M-34.52S,81D-56M-36.56S
2023,172107,0,36D-5M-51.96S,119D-20M-11.79S
2023,172126,0,47D-21M-31.59S,122D-27M-33.7S
2023,172127,0,42D-21M-16.63S,85D-44M-4.14S
2023,172132,1,38D-37M-3.98S,80D-2M-7.85S
2023,172145,0,61D-7M-24.45S,146D-15M-35.12S
2023,172151,0,45D-42M-21.89S,79D-24M-30.79S
2023,172155,1,39D-9M-34.98S,120D-41M-29.62S
2023,172165,0,45D-26M-0.76S,120D-43M-28.8S
2023,172173,1,27D-24M-52.45S,81D-35M-55.55S
2023,172174,0,40D-43M-16.92S,122D-38M-22.2S
2023,172175,0,45D-5M-48.82S,66D-39M-15.55S
2023,172181,0,48D-35M-41.99S,72D-26M-10.93S
2023,172182,0,28D-0M-2.98S,97D-13M-13.71S
2023,172187,0,43D-28M-11.41S,72D-35M-36.65S
2023,172189,0,38D-11M-5.03S,119D-58M-7.43S
2023,172192,1,40D-15M-55.91S,75D-30M-27.57S
2023,172193,0,39D-13M-22.81S,110D-59M-14S
2023,172194,1,38D-28M-36.36S,75D-11M-26.42S
2023,172195,1,45D-13M-9.03S,101D-3M-26.54S
2023,172196,0,63D-24M-3.32S,148D-56M-51.57S
2023,172198,0,30D-25M-22.35S,91D-10M-22.96S
2023,172275,1,46D-49M-34.75S,118D-48M-57.81S
2023,172901,0,35D-41M-14.94S,105D-21M-5.33S
2023,172902,0,40D-53M-43.58S,122D-18M-10.36S
2023,172903,0,47D-5M-57.87S,99D-3M-31.21S
2023,172904,1,61D-49M-38.56S,147D-26M-53.91S
2023,172905,1,55D-54M-35.15S,113D-43M-47.03S
2023,172906,0,41D-42M-29.07S,92D-21M-1.31S
2023,172907,1,47D-40M-56.72S,119D-38M-0.5S
2023,175001,0,46D-42M-32.46S,85D-38M-27.78S
2023,175005,0,51D-1M-9.48S,110D-47M-42.4S
2023,175009,0,45D-24M-58.44S,73D-43M-43.29S
2023,175013,1,41D-57M-18.61S,98D-44M-38.34S
2023,176001,0,44D-39M-23.49S,68D-11M-33.44S
2023,176002,1,45D-18M-46.85S,63D-26M-55.42S
2023,176003,0,66D-27M-7.08S,136D-40M-54.75S
2023,176004,1,47D-23M-42.3S,94D-15M-31.55S
2023,176005,0,41D-44M-48.84S,110D-32M-32.62S
2023,176006,1,45D-3M-2.67S,77D-11M-55.67S
2023,176007,0,31D-39M-22.04S,88D-15M-37S
2023,176008,0,34D-12M-45.74S,81D-49M-34.58S
2023,176009,0,30D-20M-48.45S,91D-10M-12.74S
2023,176010,0,31D-27M-53.89S,93D-39M-47.01S
2023,176011,1,37D-13M-19.56S,82D-26M-17.24S
2023,176012,0,44D-29M-57.36S,121D-45M-36.03S
2023,176013,1,39D-44M-28.11S,104D-22M-25.41S
2023,176014,0,47D-49M-13.75S,115D-32M-14.67S
2023,176015,1,41D-8M-3.22S,101D-16M-15.45S
2023,176016,1,34D-44M-4.21S,98D-28M-42S
2023,176017,0,41D-2M-54.62S,86D-18M-39.93S
2023,176018,1,37D-28M-17.87S,110D-42M-37.14S
2023,176019,0,31D-51M-36.7S,106D-36M-56.53S
2023,176020,1,38D-58M-28.81S,94D-7M-14.65S
2023,176021,1,53D-44M-26.72S,111D-32M-56.85S
2023,176022,1,46D-54M-15.12S,55D-32M-54.79S
2023,176023,1,47D-10M-16.87S,98D-29M-56.99S
2023,176024,0,36D-33M-43.13S,97D-37M-59.29S
2023,176025,0,38D-50M-58.44S,119D-51M-39.61S
2023,176026,1,33D-38M-27.97S,81D-31M-59.14S
2023,176027,0,37D-45M-27.64S,79D-17M-37.27S
2023,176028,0,33D-36M-45.53S,83D-35M-49.05S
2023,176029,1,57D-4M-45.25S,135D-22M-25.94S
2023,176030,0,46D-25M-16.19S,96D-46M-9.65S
2023,176031,0,38D-48M-36.13S,123D-37M-29.4S
2023,176033,1,53D-23M-9.31S,114D-38M-35.91S
2023,176034,0,32D-58M-43.11S,84D-1M-58.35S
2023,176035,0,36D-55M-53.38S,81D-22M-51.94S
2023,176036,1,42D-32M-22.81S,105D-43M-29.81S
2023,176037,0,47D-48M-39.85S,65D-14M-13.27S
2023,176038,0,49D-52M-29.18S,103D-9M-34.41S
2023,176039,0,37D-54M-1.88S,78D-41M-55.88S
2023,176040,0,43D-48M-45.91S,107D-52M-30.61S
2023,176041,0,38D-11M-58.94S,84D-0M-28.2S
2023,176042,0,27D-41M-33.56S,97D-28M-30.47S
2023,176043,0,44D-26M-52.02S,75D-3M-39.44S
2023,176044,0,39D-25M-59.42S,81D-52M-10.51S
2023,176045,0,30D-47M-47.16S,91D-31M-36.62S
2023,176046,1,41D-32M-14.24S,73D-30M-32.95S
2023,176047,1,43D-23M-17.75S,109D-12M-56.56S
2023,176048,0,43D-1M-33.7S,101D-30M-0.86S
2023,176049,0,43D-11M-16.83S,77D-29M-40.88S
2023,176050,0,29D-48M-32.19S,101D-34M-57.5S
2023,176052,0,42D-16M-57.68S,72D-21M-54.53S
2023,176053,0,38D-41M-9.36S,82D-3M-23.58S
2023,176054,0,46D-1M-38.51S,113D-50M-56.91S
2023,176055,0,45D-33M-35.73S,95D-10M-6.08S
2023,176056,1,45D-15M-37.77S,115D-49M-48.79S
2023,176057,1,47D-55M-45.26S,96D-19M-3.62S
2023,176058,0,65D-34M-3.38S,148D-30M-37.38S
2023,176059,1,32D-18M-11.13S,85D-33M-9.74S
2023,176060,0,55D-22M-11.69S,118D-21M-57.8S
2023,176061,0,31D-30M-22.77S,99D-9M-59.98S
2023,176062,0,34D-58M-43.38S,100D-51M-13.38S
2023,176063,0,45D-26M-38.45S,96D-44M-10.45S
2023,176064,0,45D-34M-39.11S,110D-50M-14.67S
2023,176065,1,40D-35M-58.02S,77D-47M-14.98S
2023,176066,0,37D-40M-42.78S,80D-19M-58.94S
2023,176067,0,42D-12M-51.04S,91D-43M-25.21S
2023,176068,1,42D-44M-3.14S,110D-31M-2.97S
2023,176069,1,46D-15M-39.91S,118D-21M-6.73S
2023,176070,0,41D-52M-2.47S,112D-25M-29.47S
2023,176072,0,44D-6M-25.51S,84D-34M-0.81S
2023,176073,0,42D-57M-13.07S,81D-37M-13.01S
2023,176074,1,45D-44M-4.66S,71D-28M-55.04S
2023,176075,0,38D-2M-33.21S,88D-13M-49.6S
2023,176076,1,42D-16M-15.97S,101D-41M-16.46S
2023,176077,1,49D-14M-58.71S,122D-45M-45.15S
2023,176078,1,35D-39M-54.63S,109D-9M-16.66S
2023,176079,0,37D-4M-50.18S,106D-11M-48.62S
2023,176080,0,31D-0M-43.1S,86D-52M-44.45S
2023,176081,1,30D-42M-40.87S,89D-48M-34.07S
2023,176082,1,41D-21M-17.71S,96D-5M-22.07S
2023,176083,0,27D-21M-20.09S,80D-28M-10.47S
2023,176084,0,40D-5M-5.93S,74D-17M-2.44S
2023,176087,0,32D-40M-14.07S,101D-58M-1.67S
2023,176088,1,45D-42M-30S,89D-7M-42.1S
2023,176090,1,32D-48M-5.45S,92D-14M-35.71S
2023,176091,0,43D-27M-7.33S,75D-54M-24.18S
2023,176092,0,44D-46M-16.13S,81D-7M-9.5S
2023,176093,1,40D-39M-43.5S,90D-59M-17.04S
2023,176104,1,51D-13M-16.39S,114D-45M-5.67S
2023,176109,0,45D-28M-0.63S,122D-18M-5.9S
2023,176110,1,35D-52M-1.63S,87D-20M-28.78S
2023,176112,0,46D-3M-2.66S,69D-3M-40.83S
2023,176113,1,52D-49M-15.48S,112D-3M-41.96S
2023,176115,0,38D-33M-6.85S,75D-47M-29.66S
2023,176116,1,39D-57M-23.95S,106D-33M-38.92S
2023,176117,1,52D-12M-5.54S,103D-42M-21.31S
2023,176120,0,43D-47M-11.11S,104D-2M-22.76S
2023,176121,0,42D-12M-19.62S,76D-11M-51.32S
2023,176125,0,34D-40M-16.85S,110D-14M-17.87S
2023,176126,0,51D-10M-0.56S,103D-23M-7.63S
2023,176127,0,36D-36M-55.35S,77D-9M-37.33S
2023,176128,0,35D-31M-58.96S,113D-14M-50.31S
2023,176129,1,42D-38M-59.45S,95D-41M-32.44S
2023,176132,0,62D-55M-50.82S,160D-40M-1.56S
2023,176133,1,46D-36M-21.17S,72D-8M-48.05S
2023,176134,0,33D-13M-40.46S,95D-29M-24.88S
2023,176135,1,28D-59M-58.87S,99D-56M-0.74S
2023,176136,0,39D-36M-19.94S,75D-49M-57.53S
2023,176137,0,47D-47M-6.89S,74D-27M-41.05S
2023,176138,1,30D-56M-29.93S,85D-54M-34.36S
2023,176139,1,44D-36M-20.06S,71D-7M-49.07S
2023,176140,0,46D-4M-1.42S,115D-26M-2.87S
2023,176143,1,37D-59M-3.48S,75D-20M-51.4S
2023,176144,0,36D-37M-19.85S,81D-35M-22.38S
2023,176147,1,38D-15M-29.55S,80D-23M-37.07S
2023,176151,0,54D-13M-58.12S,104D-55M-54.57S
2023,176155,1,44D-12M-5.14S,101D-18M-46.9S
2023,176157,0,32D-37M-57.97S,91D-24M-24.62S
2023,176159,0,44D-12M-40.63S,78D-23M-52.56S
2023,176161,0,44D-58M-4.2S,93D-28M-7.37S
2023,176162,0,39D-59M-22.06S,90D-20M-56S
2023,176163,0,42D-4M-31.99S,86D-2M-35.96S
2023,176164,1,32D-51M-50.89S,81D-37M-41.04S
2023,176165,0,43D-27M-58.71S,75D-2M-55.91S
2023,176166,1,44D-13M-39.84S,92D-16M-26.9S
2023,176170,1,40D-44M-19.81S,108D-5M-29.39S
2023,176181,1,35D-31M-14.49S,90D-16M-38.97S
2023,176182,1,40D-32M-17.12S,124D-10M-37.55S
2023,176183,0,34D-54M-27.34S,114D-26M-51.46S
2023,176184,0,46D-57M-7.25S,123D-26M-13.26S
2023,176186,0,29D-34M-46.25S,100D-1M-25.01S
2023,176190,0,39D-34M-14.9S,120D-51M-31S
2023,176201,1,30D-1M-40.37S,100D-13M-22.61S
2023,176212,0,47D-56M-29.69S,102D-1M-40.86S
2023,176221,0,36D-30M-12.87S,85D-42M-10.56S
2023,176225,1,37D-47M-1.03S,96D-26M-1.41S
2023,176226,1,32D-12M-33.68S,87D-26M-23.67S
2023,176227,0,32D-40M-24.3S,87D-14M-30.37S
2023,176236,0,53D-28M-34.75S,107D-27M-32.98S
2023,176237,1,41D-44M-6.38S,110D-32M-43.55S
2023,176238,0,37D-40M-35.18S,90D-5M-51.65S
2023,176257,0,38D-45M-7.52S,106D-25M-26.09S
2023,176261,1,26D-4M-55.19S,80D-44M-55.95S
2023,176265,0,48D-34M-8.49S,103D-6M-31.87S
2023,176266,1,53D-27M-31.49S,56D-48M-51.7S
2023,176286,0,43D-16M-26.19S,96D-17M-24.79S
2023,176302,1,64D-17M-21.48S,146D-25M-36.73S
2023,176304,1,54D-43M-15.85S,124D-9M-32.7S
2023,176306,0,33D-46M-47.68S,82D-30M-41.55S
2023,176309,0,28D-32M-13.38S,81D-35M-9.81S
2023,176310,1,31D-48M-24.36S,81D-10M-50.09S
2023,176314,0,30D-24M-26.34S,88D-39M-18.4S
2023,176317,0,46D-26M-26.36S,65D-29M-47.41S
2023,176318,0,37D-31M-53.03S,110D-43M-44.32S
2023,176320,0,40D-51M-24.82S,120D-15M-8.37S
2023,176321,0,50D-5M-7.06S,100D-17M-26.4S
2023,176324,1,40D-27M-35.4S,82D-46M-53.03S
2023,176336,0,44D-36M-5.65S,102D-28M-44.48S
2023,176337,0,40D-12M-58.24S,76D-43M-25.98S
2023,176339,0,38D-18M-39.15S,107D-59M-20.93S
2023,176341,0,37D-43M-18S,117D-33M-13.98S
2023,176343,0,26D-28M-41.85S,80D-30M-59.94S
2023,176345,0,43D-56M-18.41S,122D-34M-48.39S
2023,176346,0,32D-50M-20.46S,113D-44M-14.48S
2023,176365,0,48D-12M-21.11S,82D-22M-38.88S
2023,176390,1,31D-12M-23.91S,82D-13M-5.03S
2023,176436,1,41D-34M-28.5S,112D-4M-9.43S
2023,176437,1,49D-55M-48.83S,86D-29M-38.38S
2023,176439,1,37D-56M-41.32S,111D-11M-36.42S
2023,176465,0,40D-30M-9.63S,121D-20M-5.64S
2023,176466,0,44D-40M-36.72S,71D-51M-8.18S
2023,176537,1,31D-22M-59.63S,101D-30M-38.19S
2023,176835,0,31D-31M-27.23S,110D-48M-55.58S
2023,176900,0,42D-23M-47.73S,108D-13M-24.33S
2023,176939,0,32D-23M-24.17S,94D-34M-2.96S
2023,177001,1,44D-44M-11.06S,89D-17M-54.27S
2023,177002,0,41D-44M-5.85S,113D-57M-31.03S
2023,177003,1,51D-25M-6.61S,102D-57M-6.11S
2023,177004,0,39D-55M-3.56S,105D-30M-31.53S
2023,177102,1,42D-35M-53.32S,74D-52M-58.33S
2023,177202,0,38D-4M-22.21S,121D-46M-0.47S
2023,177800,0,43D-36M-22.13S,108D-48M-52.24S
2023,179001,1,33D-41M-34.13S,112D-17M-10.9S
2023,179002,0,36D-37M-4.15S,78D-26M-8.4S
2023,179003,0,30D-28M-18.09S,91D-12M-32.23S
2023,179004,1,33D-17M-47.09S,97D-33M-37.96S
2023,179005,0,47D-51M-1.25S,89D-55M-25.27S
2023,179006,0,35D-16M-16.18S,99D-52M-44.67S
2023,179007,1,49D-28M-24.1S,58D-7M-1.66S
2023,179009,1,38D-4M-16.87S,108D-29M-30.62S
2023,179010,0,65D-45M-51.74S,147D-0M-52.51S
2023,179011,0,37D-33M-5.83S,77D-21M-42.54S
2023,179012,1,26D-58M-29.74S,80D-34M-49.73S
2023,179013,1,41D-38M-46.63S,86D-50M-27.4S
2023,179014,1,35D-2M-22.21S,76D-55M-52.17S
2023,179015,0,42D-0M-22.44S,79D-24M-7.72S
2023,179016,0,51D-22M-58.25S,111D-11M-29.18S
2023,179017,0,52D-32M-52.63S,125D-49M-46.23S
2023,179019,1,42D-24M-39.42S,75D-36M-7.78S
2023,179020,1,30D-45M-9.19S,82D-5M-53.1S
2023,179021,0,41D-8M-9.21S,75D-24M-16.48S
2023,179022,0,43D-35M-11.94S,92D-30M-11.96S
2023,179023,0,38D-27M-19.53S,93D-13M-59.01S
2023,179024,1,49D-39M-17.63S,70D-44M-47.52S
2023,179025,0,49D-33M-40.83S,106D-1M-21.5S
2023,179026,0,38D-6M-59.24S,75D-23M-37.61S
2023,179027,0,41D-47M-24.32S,109D-46M-30.28S
2023,179028,0,46D-10M-6.19S,68D-53M-3.35S
2023,179029,0,33D-45M-22.74S,107D-25M-55.3S
2023,179030,0,35D-31M-18.8S,90D-16M-43.4S
2023,179031,1,49D-32M-19.05S,95D-34M-42.13S
2023,179032,0,40D-8M-38.26S,85D-21M-16.3S
2023,179033,1,41D-58M-21.16S,78D-20M-43.15S
2023,179034,0,37D-44M-34.15S,83D-33M-19.22S
2023,179035,0,38D-34M-37.9S,87D-11M-21.66S
2023,179036,1,39D-56M-43.5S,86D-29M-36.98S
2023,179037,1,53D-38M-51.37S,109D-18M-32.71S
2023,179038,0,61D-55M-56.11S,147D-40M-0.93S
2023,179039,0,47D-37M-27.69S,94D-8M-49.52S
2023,179040,1,36D-27M-1.49S,121D-40M-25.25S
2023,179041,0,41D-30M-11.58S,90D-13M-29.05S
2023,179042,0,39D-5M-0.16S,85D-57M-53.1S
2023,179043,0,40D-23M-39.07S,111D-10M-50.42S
2023,179046,0,46D-45M-54.72S,114D-45M-45.21S
2023,179047,1,31D-20M-6.4S,81D-23M-21.89S
2023,179049,0,44D-25M-53.29S,88D-57M-2.19S
2023,179050,1,38D-59M-41.45S,97D-6M-5.62S
2023,179102,0,43D-12M-32.08S,71D-18M-26.29S
2023,179103,0,31D-35M-10.49S,86D-15M-53.44S
2023,179104,0,61D-12M-53.78S,136D-59M-32.37S
2023,179105,0,36D-46M-0.99S,101D-11M-57.85S
2023,179106,0,47D-36M-18.2S,70D-59M-6.23S
2023,179107,0,36D-36M-59.41S,79D-46M-28.9S
2023,179108,1,37D-4M-55.44S,77D-58M-26.44S
2023,179109,0,32D-42M-38.57S,109D-44M-19.64S
2023,179111,0,40D-34M-39.57S,120D-9M-25.89S
2023,179112,0,35D-17M-2.82S,110D-21M-20.28S
2023,179113,0,32D-20M-31.43S,89D-28M-38.4S
2023,179114,0,40D-12M-35.03S,107D-2M-39.18S
2023,179115,0,31D-0M-49.63S,85D-12M-39.22S
2023,179116,1,48D-1M-8.55S,98D-28M-6.68S
2023,179117,0,49D-19M-51.18S,100D-7M-33.37S
2023,179118,0,42D-8M-37.45S,120D-56M-39.99S
2023,179120,0,36D-45M-3.52S,96D-22M-9.77S
2023,179121,1,49D-48M-47.27S,120D-42M-35.2S
2023,179122,0,44D-31M-7.93S,73D-10M-21.24S
2023,179123,0,31D-53M-19.25S,91D-54M-23.63S
2023,179124,0,39D-37M-19.13S,76D-0M-49.38S
2023,179125,1,49D-3M-4.09S,114D-32M-41.01S
2023,179126,1,37D-52M-58.48S,110D-21M-28.87S
2023,179127,1,32D-44M-59.16S,81D-2M-0.24S
2023,179128,0,33D-28M-55.54S,86D-36M-35.22S
2023,179129,0,42D-15M-10.26S,85D-25M-35.34S
2023,179130,0,45D-4M-29.84S,117D-20M-52.31S
2023,179131,1,39D-50M-54.73S,83D-27M-55.28S
2023,179132,0,40D-8M-37.6S,104D-40M-5.77S
2023,179133,1,42D-42M-55.92S,77D-57M-16.18S
2023,179134,0,37D-36M-47.66S,88D-10M-53.79S
2023,179135,0,44D-43M-49.61S,67D-56M-10.62S
2023,179136,0,30D-6M-23.15S,97D-47M-42.96S
2023,179137,0,48D-14M-15.74S,64D-52M-41.23S
2023,179138,0,38D-9M-32.23S,120D-3M-21.92S
2023,179139,0,35D-31M-28.66S,106D-4M-36.8S
2023,179140,0,52D-35M-46.09S,104D-3M-53.64S
2023,179141,1,38D-32M-50.34S,89D-49M-43.09S
2023,179142,1,39D-11M-57.85S,101D-59M-51.12S
2023,179143,1,60D-27M-30.33S,123D-24M-30.79S
2023,179204,0,39D-33M-33.58S,76D-49M-26.38S
2023,179209,0,47D-29M-16.13S,79D-43M-37.31S
2023,179210,1,40D-51M-49.85S,79D-34M-1.96S
2023,179211,1,38D-34M-58.99S,92D-27M-28.24S
2023,179217,1,33D-28M-36.07S,86D-15M-38.05S
2023,179221,0,36D-11M-57.03S,98D-55M-11.46S
2023,179222,0,48D-7M-35.75S,124D-40M-51.85S
2023,179227,0,55D-36M-10.68S,133D-5M-6.22S
2023,179229,0,33D-9M-49.37S,87D-49M-18.99S
2023,179230,1,34D-12M-54.52S,102D-14M-15.54S
2023,179237,0,35D-53M-37.58S,118D-51M-10.46S
2023,179243,0,48D-16M-25.54S,94D-30M-28.74S
2023,180001,0,43D-43M-29.69S,74D-2M-29.15S
2023,180002,0,40D-5M-26.71S,81D-25M-41.23S
2023,180003,1,39D-44M-46.7S,76D-58M-35.19S
2023,180004,1,40D-29M-8.14S,110D-24M-48S
2023,180005,0,38D-42M-49.76S,109D-34M-15.66S
2023,180006,0,53D-5M-51.15S,111D-47M-52.57S
2023,180007,1,35D-22M-50.95S,104D-28M-45.6S
2023,180008,1,46D-21M-15.15S,67D-32M-17.65S
2023,180009,0,38D-27M-51.34S,109D-23M-3.02S
2023,180010,0,45D-51M-29.14S,88D-52M-47.26S
2023,180011,0,41D-52M-9.56S,108D-37M-6.88S
2023,180012,1,44D-30M-5.18S,98D-19M-31.18S
2023,180013,0,48D-13M-3.32S,118D-40M-18.62S
2023,180014,1,39D-25M-35.08S,91D-18M-40.29S
2023,180015,0,33D-51M-5.08S,87D-35M-41.54S
2023,180016,0,32D-19M-0.71S,84D-36M-34.66S
2023,180017,0,40D-52M-56.82S,74D-59M-57.9S
2023,180018,0,43D-26M-0.98S,71D-56M-4.35S
2023,180019,0,51D-51M-17.46S,176D-36M-2.94S
2023,180020,0,41D-4M-15.5S,115D-52M-10.09S
2023,180021,0,47D-39M-49.41S,121D-55M-34.61S
2023,180022,0,38D-48M-59.9S,81D-24M-33.42S
2023,180050,1,41D-16M-14.19S,110D-47M-27.85S
2023,180051,0,40D-46M-48.3S,91D-39M-33.88S
2023,180052,1,39D-15M-35.09S,118D-24M-41.15S
2023,180053,1,26D-53M-23.09S,99D-16M-41.69S
2023,180054,1,29D-13M-21.05S,97D-9M-1.61S
2023,180055,0,45D-22M-34.16S,87D-53M-35.24S
2023,180056,1,43D-49M-22.83S,114D-59M-13.21S
2023,180057,0,32D-35M-9.15S,86D-12M-2.23S
2023,180058,0,41D-20M-17.54S,87D-11M-56.35S
2023,180059,0,49D-16M-23.33S,110D-42M-20.14S
2023,180101,0,47D-27M-28.37S,121D-42M-21.74S
2023,180112,0,34D-30M-41.9S,96D-11M-9.66S
2023,180114,1,34D-29M-7.19S,97D-47M-14.03S
2023,180116,0,36D-20M-57.77S,86D-19M-43.78S
2023,180119,0,39D-32M-2.76S,79D-15M-51.18S
2023,180120,1,41D-19M-51.77S,73D-36M-24.25S
2023,180122,0,36D-56M-53.91S,88D-49M-2.75S
2023,180220,1,33D-11M-10.29S,101D-34M-36.62S
2023,180900,1,53D-33M-9.66S,115D-26M-23.7S
2023,180901,0,42D-44M-32.64S,108D-45M-54.83S
2023,181001,1,44D-56M-48.54S,83D-44M-25.35S
2023,181002,1,40D-26M-4.4S,75D-18M-26.2S
2023,181003,0,40D-18M-52.13S,103D-49M-57.31S
2023,181004,1,36D-56M-40.47S,99D-23M-1.83S
2023,181005,0,63D-32M-59.52S,158D-12M-9.42S
2023,181006,1,60D-56M-16.73S,137D-58M-33.97S
2023,181007,1,38D-51M-46.82S,80D-49M-51.54S
2023,181008,1,52D-16M-55.78S,104D-40M-22.97S
2023,181009,0,37D-38M-21.67S,104D-17M-9.56S
2023,181010,0,41D-8M-35.74S,74D-49M-9.18S
2023,181011,1,41D-6M-27.26S,76D-31M-13.99S
2023,181012,0,37D-3M-55.11S,94D-59M-20.33S
2023,181013,0,43D-42M-49.24S,123D-35M-29.37S
2023,181014,0,45D-43M-24.2S,116D-37M-29.16S
2023,181015,0,37D-8M-45.41S,99D-45M-30.88S
2023,181016,0,43D-15M-21.09S,121D-46M-3.21S
2023,181017,0,35D-50M-33.47S,86D-50M-35.39S
2023,181018,1,40D-34M-48.39S,105D-25M-43.81S
2023,181019,0,48D-9M-7.57S,65D-43M-57.99S
2023,181020,0,46D-5M-38.9S,123D-25M-4.4S
2023,181021,0,42D-10M-12.6S,109D-30M-53.39S
2023,181022,1,41D-14M-28.7S,120D-18M-37.95S
2023,181023,0,40D-39M-11.5S,77D-45M-21.14S
2023,181024,0,35D-0M-34.14S,116D-57M-7.75S
2023,181025,0,34D-4M-30.74S,116D-44M-4.27S
2023,181026,0,32D-34M-17.51S,101D-55M-41.94S
2023,181027,1,47D-47M-1.95S,118D-54M-6.95S
2023,181028,0,50D-47M-50.13S,93D-27M-47S
2023,181029,1,41D-14M-41.86S,122D-18M-10.43S
2023,181030,1,42D-42M-46.15S,83D-22M-1.34S
2023,181031,1,46D-25M-25.66S,93D-8M-24.11S
2023,181032,0,38D-3M-17.26S,106D-51M-6.3S
2023,181033,0,46D-16M-59.52S,79D-5M-10.28S
2023,181034,0,42D-59M-40.14S,89D-40M-0.02S
2023,181035,0,48D-59M-18.45S,66D-22M-59.76S
2023,181036,1,39D-36M-22.53S,79D-44M-20.06S
2023,181037,1,39D-56M-54.93S,86D-22M-4.44S
2023,181038,0,50D-4M-43.02S,117D-15M-49.42S
2023,181039,0,41D-20M-27.52S,89D-43M-24.37S
2023,181040,0,39D-41M-19.3S,83D-49M-22.22S
2023,181041,0,40D-57M-2.65S,121D-34M-24.52S
2023,181042,0,43D-40M-42.28S,82D-55M-22.47S
2023,181043,1,49D-30M-27S,123D-14M-27.21S
2023,181044,1,41D-44M-57.13S,70D-46M-56.52S
2023,181045,1,42D-56M-17.92S,79D-18M-40.37S
2023,181046,0,38D-28M-29.05S,111D-16M-11.24S
2023,181047,0,63D-7M-41.62S,146D-20M-24.59S
2023,181048,0,52D-14M-34.12S,100D-57M-51.42S
2023,181049,0,48D-41M-48.05S,94D-10M-25.53S
2023,181050,1,43D-20M-47.43S,90D-47M-6.36S
2023,181121,0,46D-25M-59.91S,66D-56M-46.39S
2023,181127,0,37D-51M-24.45S,95D-26M-33.77S
2023,181900,0,46D-21M-43.37S,76D-1M-39.29S
2023,181901,1,47D-22M-35.5S,101D-55M-49S
2023,181902,0,46D-38M-5.97S,112D-31M-23.38S
2023,181903,0,30D-54M-44.26S,81D-32M-47.62S
2023,181904,1,42D-39M-1.53S,80D-20M-26.57S
2023,181905,0,46D-19M-52.71S,90D-54M-36.68S
2023,181906,1,34D-2M-19.95S,105D-9M-20.46S
2023,181907,1,33D-48M-6.84S,110D-53M-36S
2023,181908,0,33D-11M-55.32S,84D-29M-27.33S
2023,181909,0,44D-10M-58.97S,81D-35M-42.83S
2023,181910,0,39D-39M-4.37S,112D-3M-7.11S
2023,181911,1,43D-15M-2.04S,71D-37M-6.92S
2023,182001,1,53D-6M-40.32S,105D-51M-25.1S
2023,182002,1,46D-40M-32.9S,88D-14M-48.98S
2023,182003,0,55D-8M-15.03S,115D-20M-51.03S
2023,182004,0,47D-39M-33.24S,115D-12M-33.14S
2023,182005,0,33D-21M-44.59S,94D-45M-12.78S
2023,182006,1,65D-17M-20.96S,146D-25M-37.33S
2023,182007,0,44D-20M-26.71S,88D-3M-58.35S
2023,182008,1,42D-56M-48.91S,115D-11M-50.9S
2023,182009,1,39D-52M-56.1S,113D-16M-15.57S
2023,182010,0,38D-47M-5.04S,79D-27M-11.35S
2023,182011,0,32D-24M-1.83S,108D-43M-22.86S
2023,182012,0,45D-38M-58.73S,120D-3M-33.1S
2023,182013,0,53D-38M-56.9S,112D-52M-28.93S
2023,182014,0,41D-36M-29.21S,87D-27M-13.52S
2023,182015,1,42D-14M-41.49S,106D-25M-20.95S
2023,182016,0,37D-36M-38.78S,120D-8M-37.12S
2023,182017,0,34D-22M-15.78S,101D-33M-14.47S
2023,182018,0,37D-29M-51.16S,80D-16M-44.73S
2023,182019,0,32D-27M-35.5S,87D-13M-53.38S
2023,182020,1,43D-26M-12.94S,89D-53M-44.53S
2023,182021,0,40D-36M-49.16S,89D-19M-59.63S
2023,182022,0,55D-19M-28.77S,119D-36M-42.08S
2023,182023,0,55D-48M-14.25S,124D-43M-38.54S
2023,182024,1,38D-53M-30.38S,75D-56M-32.08S
2023,182025,1,50D-20M-20S,105D-23M-8.77S
2023,182026,0,40D-28M-44.69S,95D-14M-7.22S
2023,182027,0,41D-31M-43.61S,76D-58M-56.17S
2023,182028,1,37D-6M-55.36S,104D-14M-30.45S
2023,182029,0,40D-48M-48.72S,121D-35M-27.55S
2023,182030,0,65D-45M-19.44S,144D-20M-26.99S
2023,182031,1,36D-34M-46.84S,94D-14M-52.27S
2023,182032,0,53D-8M-29.61S,103D-19M-1.42S
2023,182033,0,61D-36M-34.72S,137D-29M-5.39S
2023,182034,0,39D-14M-18.78S,111D-52M-24.11S
2023,182035,0,41D-24M-11.23S,90D-2M-21.97S
2023,182036,0,33D-42M-11.42S,109D-8M-30.1S
2023,182037,0,46D-43M-13.53S,70D-1M-6.28S
2023,182038,0,47D-9M-56.49S,79D-23M-21.54S
2023,182039,1,37D-15M-31.75S,90D-27M-50.81S
2023,182040,0,38D-40M-52.22S,75D-14M-5.71S
2023,182041,0,30D-34M-51.28S,81D-53M-39.17S
2023,182042,1,32D-54M-25.12S,82D-22M-50.92S
2023,182128,1,42D-15M-26.17S,121D-29M-6.09S
2023,182130,0,36D-58M-5.51S,86D-37M-33.73S
2023,182135,0,36D-30M-34.25S,106D-23M-38.94S
2023,182139,0,47D-4M-23.05S,91D-48M-19.66S
2023,182900,0,48D-11M-37.58S,78D-21M-16.71S
2023,182901,1,37D-14M-14.57S,82D-55M-0.75S
2023,182902,0,41D-18M-20.86S,116D-29M-51.61S
2023,182903,1,47D-10M-34.53S,122D-31M-53.51S
2023,182904,1,44D-42M-6.32S,75D-28M-40.3S
2023,183001,0,48D-17M-23.27S,93D-31M-4.64S
2023,183002,0,34D-43M-23.23S,76D-55M-15.19S
2023,183003,1,45D-42M-7.13S,109D-27M-54.44S
2023,183004,0,52D-7M-6.41S,101D-25M-57.15S
2023,183005,0,46D-54M-39.51S,120D-34M-44.51S
2023,183006,1,46D-43M-41.59S,98D-48M-51.26S
2023,183007,1,51D-47M-53.97S,112D-39M-43.64S
2023,183008,1,49D-46M-14.7S,101D-19M-38.64S
2023,183009,0,40D-11M-14.09S,86D-27M-10.26S
2023,183010,0,55D-7M-18.61S,162D-42M-18.27S
2023,183011,0,26D-53M-26.71S,81D-52M-5.67S
2023,183012,0,54D-59M-15.33S,127D-22M-4.03S
2023,183013,0,42D-34M-19.34S,88D-45M-55.57S
2023,183014,0,46D-6M-27.65S,95D-52M-58.38S
2023,183015,0,41D-20M-35.82S,106D-19M-48.95S
2023,183016,0,38D-51M-36.03S,104D-4M-48.15S
2023,183017,0,37D-12M-20.2S,102D-51M-31.72S
2023,183018,0,37D-4M-6.42S,77D-57M-42.05S
2023,183019,0,53D-42M-21.67S,94D-26M-35.29S
2023,183020,0,34D-41M-29.42S,82D-40M-50.37S
2023,183021,1,39D-16M-18.37S,81D-53M-22.85S
2023,183022,0,39D-54M-36.06S,86D-34M-5.87S
2023,183023,1,38D-7M-1.9S,121D-31M-38.23S
2023,183024,0,32D-8M-4.83S,86D-17M-17.17S
2023,183025,1,35D-47M-59.88S,110D-30M-43.32S
2023,183026,0,28D-25M-14.84S,81D-57M-19.94S
2023,183027,1,43D-8M-20.99S,80D-20M-13.7S
2023,183028,1,40D-4M-44.81S,106D-38M-42.34S
2023,183029,0,38D-43M-51.02S,80D-20M-23.95S
2023,183030,1,44D-52M-7.55S,73D-32M-36.04S
2023,183031,0,35D-14M-51.49S,118D-53M-11.46S
2023,183032,0,37D-31M-16.52S,92D-54M-25.73S
2023,183033,0,37D-56M-33.86S,107D-13M-1.97S
2023,183034,0,30D-31M-36.2S,96D-10M-24.84S
2023,183035,1,43D-7M-25.87S,84D-27M-9.85S
2023,183036,0,48D-9M-1.36S,93D-19M-58.91S
2023,183037,0,49D-33M-17.36S,108D-18M-36.99S
2023,183038,0,67D-37M-51.41S,133D-50M-22.4S
2023,183039,1,43D-14M-57.27S,83D-15M-10S
2023,183040,1,41D-4M-50.16S,76D-16M-18.21S
2023,183041,1,65D-17M-17.43S,126D-49M-2.15S
2023,183042,0,50D-12M-48.85S,99D-59M-6.87S
2023,183043,1,45D-43M-14.38S,115D-4M-25.59S
2023,183044,0,47D-36M-2.03S,105D-44M-8.63S
2023,183045,0,36D-39M-45.48S,119D-17M-37.78S
2023,183046,0,42D-46M-19.17S,84D-11M-59.92S
2023,183047,0,50D-58M-37.92S,56D-5M-48.65S
2023,183048,1,42D-33M-19.37S,116D-55M-24.07S
2023,183049,0,37D-50M-33.05S,108D-46M-47.79S
2023,183050,0,46D-28M-14.51S,70D-58M-50.48S
2023,183051,0,63D-34M-52.59S,137D-25M-45.68S
2023,183052,0,40D-37M-21.25S,104D-14M-29.39S
2023,183053,0,59D-44M-56.59S,149D-25M-1.03S
2023,183054,0,39D-19M-50.33S,82D-16M-7.79S
2023,183055,0,45D-30M-52.11S,119D-36M-2.73S
2023,183056,1,44D-38M-57.06S,69D-32M-13.71S
2023,183057,0,39D-45M-5.34S,75D-36M-5.66S
2023,183058,0,47D-52M-43.89S,106D-58M-19.75S
2023,183059,1,38D-53M-58.56S,79D-37M-4.02S
2023,183060,1,34D-53M-22.7S,107D-24M-1.55S
2023,183061,0,43D-34M-58.14S,102D-21M-25.24S
2023,183062,0,43D-26M-52.79S,86D-15M-16.43S
2023,183063,0,40D-8M-15.91S,83D-43M-50.61S
2023,183064,0,36D-54M-12.37S,104D-26M-48.02S
2023,183065,0,40D-52M-13.54S,82D-5M-19.86S
2023,183066,0,48D-51M-59.79S,67D-31M-34.95S
2023,183067,1,32D-13M-20.7S,82D-29M-15.96S
2023,183068,0,28D-42M-21.13S,82D-33M-3.98S
2023,183069,0,30D-46M-16.95S,92D-28M-46.35S
2023,183070,0,37D-13M-16.53S,99D-13M-8.01S
2023,183071,0,47D-14M-12.22S,119D-55M-43.87S
2023,183072,1,35D-14M-41.84S,116D-3M-2.82S
2023,183073,1,50D-10M-28.2S,112D-18M-54.28S
2023,183074,1,52D-15M-6.25S,108D-41M-34.83S
2023,183075,0,47D-22M-32.14S,123D-53M-39.75S
2023,183076,0,49D-33M-57.95S,125D-11M-4.79S
2023,183077,0,40D-11M-17.24S,103D-25M-16.85S
2023,183078,0,44D-25M-38.95S,116D-2M-25.01S
2023,183079,0,45D-13M-51.45S,73D-14M-5.86S
2023,183080,1,42D-48M-0.43S,76D-56M-38.55S
2023,183081,0,34D-32M-32.38S,80D-10M-55.42S
2023,183082,1,40D-5M-14.65S,93D-34M-11.43S
2023,183083,1,29D-22M-24.23S,81D-58M-50.55S
2023,183084,1,32D-16M-54.96S,86D-43M-24.14S
2023,183085,0,44D-6M-50.91S,87D-53M-33.67S
2023,183086,1,42D-33M-17.38S,75D-8M-14.92S
2023,183087,0,34D-57M-43.08S,87D-9M-50.96S
2023,183088,1,34D-43M-26.97S,102D-47M-11.05S
2023,183089,1,39D-1M-18.67S,120D-49M-15.73S
2023,183090,0,35D-52M-26.62S,75D-46M-46.21S
2023,183091,1,28D-47M-48.62S,97D-13M-55.45S
2023,183092,0,42D-15M-5.17S,100D-47M-22.69S
2023,183093,0,52D-37M-42.95S,109D-30M-38.38S
2023,183094,0,45D-48M-50.36S,82D-49M-44.03S
2023,183095,0,44D-40M-29.41S,72D-54M-21.9S
2023,183096,0,30D-24M-50.45S,87D-40M-43.77S
2023,183097,1,44D-57M-5.42S,104D-35M-27.12S
2023,183098,0,33D-13M-2.36S,114D-40M-44.93S
2023,183099,0,49D-4M-54.39S,113D-54M-39.68S
2023,183100,0,49D-52M-33.09S,111D-23M-28.72S
2023,183101,0,40D-7M-35.58S,80D-36M-49.88S
2023,183102,0,40D-17M-36.37S,84D-45M-33.46S
2023,183103,0,39D-29M-54.24S,83D-49M-47.43S
2023,183104,0,35D-56M-38.49S,80D-35M-32.42S
2023,183105,0,46D-22M-11.03S,123D-7M-6.09S
2023,183106,0,64D-42M-52S,164D-0M-30.07S
2023,183107,1,41D-47M-34.88S,75D-26M-58.77S
2023,183108,1,39D-24M-42.48S,94D-30M-28.26S
2023,183109,0,37D-59M-15.36S,122D-35M-24.67S
2023,183110,0,45D-11M-13.35S,66D-46M-30.34S
2023,183111,0,39D-26M-36.2S,77D-53M-26.28S
2023,183112,0,49D-46M-31.37S,56D-2M-23.67S
2023,183113,0,27D-58M-9.69S,99D-16M-35.64S
2023,183114,0,34D-14M-50.76S,113D-36M-23.83S
2023,183115,0,37D-14M-51.28S,87D-6M-58.02S
2023,183136,0,38D-18M-53.91S,111D-31M-9.92S
2023,183137,1,40D-35M-18.66S,78D-11M-33.17S
2023,183139,1,38D-18M-2.39S,85D-10M-5.96S
2023,183140,1,33D-38M-23.2S,108D-48M-30.43S
2023,183147,0,38D-59M-6.01S,77D-17M-43.68S
2023,183179,1,28D-1M-35.65S,81D-46M-15.4S
2023,183184,1,43D-7M-17.58S,75D-39M-51.5S
2023,183189,0,41D-25M-7.92S,111D-13M-10.27S
2023,183204,1,40D-59M-44.86S,102D-18M-35.99S
2023,183210,0,52D-28M-31.13S,121D-23M-10.45S
2023,183214,1,38D-38M-55.98S,118D-46M-41.03S
2023,183237,1,34D-36M-8.13S,82D-37M-59.19S
2023,183238,0,40D-57M-34.42S,110D-39M-57.77S
2023,183273,0,41D-32M-43.87S,87D-11M-11.31S
2023,183301,0,31D-20M-46.09S,85D-35M-0.6S
2023,183302,1,36D-50M-36.84S,78D-40M-55.92S
2023,183303,1,41D-57M-36S,71D-46M-38.65S
2023,183304,0,39D-32M-43.8S,76D-29M-0.79S
2023,183305,0,41D-21M-52.93S,75D-15M-51.78S
2023,183306,1,37D-3M-49.92S,77D-10M-39.01S
2023,183307,0,38D-11M-51.9S,82D-36M-46.61S
2023,183308,0,40D-35M-14.5S,76D-20M-24.14S
2023,183309,1,41D-24M-58.36S,122D-12M-33.62S
2023,183310,0,61D-22M-4.53S,143D-30M-40.99S
2023,183311,0,66D-32M-50.74S,136D-25M-39.2S
2023,183312,0,36D-43M-32.85S,117D-33M-41.1S
2023,183313,0,37D-51M-25.1S,82D-24M-11.06S
2023,183314,0,37D-53M-34.19S,113D-47M-33.4S
2023,183315,1,49D-30M-17.64S,92D-52M-18.73S
2023,183316,0,38D-4M-46.28S,104D-27M-58.7S
2023,183317,0,41D-6M-47.66S,105D-20M-3.17S
2023,183318,0,44D-57M-29.12S,74D-27M-15.62S
2023,183319,0,45D-36M-38.86S,75D-55M-16.78S
2023,183320,1,59D-8M-8.04S,112D-15M-35.74S
2023,183321,0,35D-17M-13.73S,79D-53M-37.75S
2023,183322,0,33D-52M-49.9S,78D-48M-10.53S
2023,183323,0,43D-46M-46.86S,94D-17M-21.58S
2023,183324,0,36D-26M-6.26S,110D-24M-21.66S
2023,183325,1,32D-35M-3.54S,81D-44M-41.73S
2023,183326,1,31D-57M-3.41S,92D-48M-10.89S
2023,183327,1,43D-17M-28.33S,103D-10M-2.66S
2023,183328,0,27D-41M-2.25S,80D-31M-32.25S
2023,183329,1,41D-19M-45.1S,74D-44M-9.43S
2023,183330,1,58D-7M-5.75S,129D-53M-35.24S
2023,183331,0,49D-48M-8.59S,113D-37M-4.06S
2023,183332,1,41D-52M-5.17S,105D-46M-17.95S
2023,183333,0,37D-47M-39.9S,79D-57M-21.97S
2023,183334,0,42D-52M-28.95S,109D-40M-39.55S
2023,183335,1,38D-42M-40.96S,80D-30M-30.86S
2023,183336,0,42D-6M-32.02S,104D-55M-38.31S
2023,183337,0,40D-16M-6.18S,77D-27M-41.35S
2023,183338,0,38D-58M-31.98S,78D-50M-52.07S
2023,183339,0,42D-50M-44.31S,105D-11M-32.52S
2023,183340,0,40D-53M-37.23S,75D-3M-20.45S
2023,183341,0,47D-37M-1.81S,52D-43M-6.18S
2023,183342,0,39D-8M-1.35S,87D-40M-1.6S
2023,183343,1,49D-17M-32.65S,121D-43M-3.72S
2023,183344,0,45D-0M-44.23S,71D-22M-59.28S
2023,183345,0,42D-34M-0.12S,122D-44M-48.97S
2023,183346,0,49D-38M-35.62S,104D-24M-35.17S
2023,183347,1,50D-26M-37.33S,122D-15M-23.18S
2023,183348,0,38D-41M-20.66S,101D-42M-39.93S
2023,183349,0,36D-46M-55.87S,121D-10M-9.74S
2023,183350,0,25D-39M-49.02S,80D-29M-2.62S
2023,183351,0,32D-51M-15.25S,80D-40M-13.08S
2023,183352,0,46D-44M-8.49S,64D-58M-49.62S
2023,183353,0,35D-25M-32.66S,82D-38M-0.46S
2023,183354,1,45D-11M-32.02S,66D-46M-0.75S
2023,183355,1,36D-36M-50.86S,104D-7M-45.86S
2023,183356,0,29D-41M-6.01S,90D-2M-30.21S
2023,183357,0,27D-40M-57.04S,82D-9M-44.99S
2023,183358,1,37D-30M-27.9S,79D-59M-28.81S
2023,183359,0,41D-23M-7.3S,111D-13M-31.38S
2023,183360,1,42D-29M-53.22S,72D-8M-3.99S
2023,183361,0,45D-43M-0.52S,65D-57M-11.68S
2023,183362,0,55D-55M-42.75S,98D-31M-36.07S
2023,183363,1,25D-12M-17.23S,80D-21M-9.67S
2023,183364,0,50D-7M-20.25S,122D-51M-44S
2023,183365,0,40D-12M-59.61S,108D-45M-30.42S
2023,183366,0,32D-30M-29.26S,85D-15M-41.31S
2023,183367,0,38D-18M-53.96S,80D-31M-3.27S
2023,183368,1,60D-44M-0.94S,150D-47M-9.11S
2023,183369,0,41D-26M-19.99S,87D-58M-50.15S
2023,183370,0,39D-35M-42.94S,81D-34M-55.8S
2023,183371,0,51D-19M-6.19S,120D-9M-48.43S
2023,183372,1,40D-9M-26.7S,123D-36M-41.78S
2023,183373,0,52D-11M-27.41S,106D-17M-45.48S
2023,183374,0,36D-34M-1.19S,96D-7M-50.89S
2023,183375,0,36D-3M-50.02S,78D-29M-57.22S
2023,183376,0,39D-5M-52.72S,81D-2M-22.97S
2023,183377,1,45D-15M-43.78S,72D-52M-12.3S
2023,183378,0,39D-24M-41.05S,93D-45M-29.91S
2023,183410,1,36D-3M-7.99S,116D-30M-52.87S
2023,183438,0,61D-33M-8.46S,117D-12M-32.38S
2023,183900,1,46D-37M-29.75S,71D-36M-44.43S
2023,183901,0,39D-42M-15.46S,76D-12M-8.96S
2023,185001,0,47D-59M-48.36S,79D-46M-6.27S
2023,185002,1,46D-59M-18.06S,119D-21M-2.17S
2023,185003,1,37D-39M-21.85S,76D-19M-5.97S
2023,185004,0,36D-15M-33.16S,75D-54M-23.73S
2023,185005,0,37D-22M-52.34S,91D-35M-39.81S
2023,185006,0,40D-36M-51.77S,75D-59M-33.26S
2023,185007,0,37D-38M-25.75S,83D-48M-1.45S
2023,185008,0,50D-28M-8.82S,88D-34M-41.2S
2023,185009,0,38D-44M-58.58S,75D-22M-41.57S
2023,185010,1,30D-48M-46.18S,92D-13M-31.87S
2023,185011,1,52D-15M-22.58S,107D-51M-16.26S
2023,185012,0,35D-32M-41.35S,90D-40M-50.03S
2023,185013,0,36D-14M-30.26S,97D-36M-24.62S
2023,185014,0,37D-36M-14.92S,90D-38M-7.22S
2023,185015,1,32D-33M-1.11S,107D-29M-15.86S
2023,185016,0,40D-16M-55.07S,78D-19M-36.42S
2023,185017,1,42D-9M-26.3S,71D-54M-22.28S
2023,185018,0,27D-15M-48.45S,82D-18M-51.72S
2023,185019,1,29D-35M-56.35S,102D-59M-25.62S
2023,185020,0,39D-3M-56.88S,81D-31M-16.07S
2023,185021,0,40D-53M-53.79S,123D-36M-15.75S
2023,185022,0,34D-29M-18.09S,120D-3M-53.1S
2023,185023,0,33D-39M-8.17S,85D-43M-31.99S
2023,185024,0,49D-48M-52.53S,113D-45M-2.09S
2023,185025,1,36D-49M-6.35S,89D-15M-7.95S
2023,185034,1,33D-41M-50.7S,96D-45M-12.41S
2023,185102,1,53D-59M-32.37S,122D-26M-7.05S
2023,185103,0,44D-26M-6.81S,73D-27M-30.62S
2023,185104,0,45D-23M-46.82S,92D-42M-50.21S
2023,185105,1,46D-28M-6.05S,89D-44M-54.9S
2023,185106,1,40D-41M-54.85S,74D-23M-17.33S
2023,185107,0,52D-1M-23.88S,114D-29M-13.78S
2023,185108,1,34D-29M-5.99S,116D-59M-9.12S
2023,185109,1,44D-30M-26.02S,69D-15M-14.34S
2023,185110,0,37D-19M-53.48S,105D-47M-54.68S
2023,185112,0,44D-14M-35.29S,75D-23M-22.64S
2023,185113,0,45D-50M-47.03S,90D-37M-42.15S
2023,185114,0,32D-20M-55.56S,81D-23M-36.42S
2023,185115,0,39D-55M-21.34S,77D-7M-16.08S
2023,185116,0,39D-53M-11.5S,102D-38M-43.03S
2023,185117,1,44D-34M-28.06S,69D-9M-55.85S
2023,185118,0,39D-33M-48.58S,89D-27M-32.06S
2023,185119,1,30D-16M-11.91S,87D-31M-40.69S
2023,185120,0,29D-46M-20.66S,93D-1M-3.47S
2023,185121,0,50D-52M-19.44S,108D-12M-24.79S
2023,185122,0,30D-5M-55.35S,81D-48M-5.26S
2023,185123,1,38D-30M-35.83S,78D-27M-13.73S
2023,185151,0,40D-30M-39.47S,76D-55M-19.01S
2023,185152,0,47D-42M-49.03S,101D-31M-53.11S
2023,185153,0,45D-25M-59.38S,123D-36M-51.56S
2023,185155,0,37D-39M-41.44S,79D-38M-53.71S
2023,185156,1,43D-30M-50.17S,70D-32M-22.43S
2023,185157,1,40D-26M-28.32S,120D-50M-27.78S
2023,185158,0,40D-5M-5.44S,81D-25M-14.46S
2023,185159,0,43D-35M-23.76S,100D-45M-32.16S
2023,185160,1,43D-43M-43.53S,84D-28M-25.3S
2023,185161,0,45D-58M-46.24S,120D-15M-3.71S
2023,185162,0,40D-20M-28.2S,118D-19M-57.33S
2023,185163,0,51D-11M-24.78S,117D-43M-15.95S
2023,185164,0,38D-27M-4.48S,75D-48M-1.1S
2023,185165,0,47D-16M-15.5S,84D-25M-43.52S
2023,185166,0,46D-38M-9.39S,78D-35M-42.13S
2023,185167,1,44D-24M-19.56S,71D-21M-44.78S
2023,185168,0,47D-33M-19.35S,82D-20M-34.45S
2023,185169,0,64D-45M-55.06S,166D-0M-49.29S
2023,185170,0,32D-29M-2.86S,86D-34M-22.42S
2023,185171,0,43D-24M-15.3S,75D-15M-35.76S
2023,185172,0,52D-49M-27.43S,102D-22M-55.47S
2023,185173,0,43D-18M-4.12S,106D-13M-13.7S
2023,185203,1,48D-29M-17.03S,69D-45M-54.67S
2023,185206,0,35D-5M-47.56S,84D-2M-23.69S
2023,185218,0,35D-58M-56.77S,81D-55M-51.79S
2023,185251,0,44D-37M-40.05S,89D-29M-26.09S
2023,185301,0,36D-9M-47.88S,120D-33M-5.2S
2023,185302,0,42D-38M-26.08S,120D-42M-15.9S
2023,185303,1,38D-8M-31.21S,111D-4M-27.64S
2023,185304,1,38D-23M-18.48S,90D-14M-22.79S
2023,185305,0,57D-3M-25.1S,135D-20M-8.9S
2023,185306,1,50D-13M-27.74S,118D-44M-46.41S
2023,185307,0,53D-47M-32.47S,115D-15M-51.01S
2023,185308,0,44D-45M-4.33S,65D-28M-17.3S
2023,185309,0,33D-15M-32.46S,87D-26M-41S
2023,185310,0,46D-9M-9.09S,97D-40M-47.53S
2023,185311,1,45D-31M-22.85S,91D-55M-26.62S
2023,185312,1,43D-37M-35.48S,73D-5M-10.4S
2023,185313,1,30D-53M-51.16S,90D-15M-14.82S
2023,185314,0,39D-28M-5.59S,85D-27M-51.2S
2023,185315,0,63D-9M-59.09S,146D-30M-51.9S
2023,185316,0,48D-58M-57.36S,118D-5M-19.77S
2023,185317,0,29D-41M-20.46S,89D-58M-2S
2023,185318,1,44D-19M-11.79S,70D-19M-39.83S
2023,185319,1,34D-35M-36.42S,113D-47M-52.04S
2023,185320,0,42D-1M-3.07S,119D-30M-19.15S
2023,185321,0,50D-11M-47.57S,125D-30M-27.98S
2023,185322,0,44D-21M-12.09S,65D-17M-27.97S
2023,185323,0,50D-15M-16.54S,103D-9M-1.1S
2023,185901,0,40D-45M-0.96S,113D-6M-46.99S
2023,185902,0,32D-48M-44S,92D-14M-35.73S
2023,185903,0,44D-14M-45.56S,106D-57M-41.99S
2023,185904,1,46D-55M-23.13S,67D-10M-33.12S
2023,185905,0,48D-44M-21.96S,96D-4M-45.3S
2023,185906,0,34D-28M-53.25S,79D-12M-45.18S
2023,185907,0,41D-43M-4.89S,91D-14M-52.9S
2023,185908,0,50D-1M-25.04S,97D-4M-52.85S
2023,185912,1,43D-54M-47.86S,92D-8M-55.99S
2023,187001,0,53D-22M-31.87S,114D-49M-40.91S
2023,187002,1,38D-58M-12.58S,122D-16M-1.08S
2023,187003,0,39D-55M-12.5S,76D-54M-51.15S
2023,187004,1,29D-47M-46.72S,91D-42M-9.59S
2023,187005,0,41D-8M-57.72S,122D-18M-2.22S
2023,187006,0,41D-12M-56.42S,83D-43M-31.71S
2023,187007,0,37D-20M-3.8S,84D-45M-52.92S
2023,187008,0,37D-23M-53.38S,109D-14M-2.45S
2023,187009,1,35D-37M-13.35S,83D-26M-14.72S
2023,187010,0,41D-7M-55.79S,95D-20M-17.82S
2023,187011,1,38D-27M-5.41S,78D-11M-17.4S
2023,187012,1,35D-34M-32.62S,105D-33M-0.81S
2023,187013,1,32D-49M-21.91S,99D-7M-19.37S
2023,187014,0,37D-57M-45.85S,80D-44M-33.68S
2023,187015,0,55D-25M-33.82S,131D-45M-49.53S
2023,187016,0,39D-54M-56.64S,81D-41M-14.45S
2023,187017,1,48D-33M-33.4S,120D-20M-34.03S
2023,187018,0,45D-31M-15.03S,71D-11M-41.33S
2023,187019,1,30D-25M-13.86S,92D-17M-2.58S
2023,187020,0,42D-52M-4.67S,110D-0M-45.14S
2023,187021,0,48D-17M-17.47S,98D-43M-54.43S
2023,187022,0,37D-26M-56.6S,108D-28M-43.5S
2023,187023,1,35D-54M-51.78S,98D-36M-43.11S
2023,187120,0,25D-22M-41.75S,80D-37M-9.83S
2023,187121,0,41D-47M-10S,103D-59M-40.04S
2023,188001,0,38D-31M-29.44S,90D-59M-23.67S
2023,188002,1,34D-5M-18.43S,81D-31M-21.19S
2023,188003,0,36D-18M-40.74S,112D-2M-11.48S
2023,188004,0,32D-23M-24.75S,92D-19M-18.43S
2023,188005,0,45D-34M-21.19S,76D-52M-32.25S
2023,188006,1,34D-21M-10.54S,92D-38M-24.71S
2023,188007,0,36D-30M-3.28S,118D-8M-37.34S
2023,188008,0,36D-19M-26.99S,113D-19M-34.68S
2023,188009,1,41D-43M-3.63S,80D-19M-50.28S
2023,188010,0,39D-6M-53.73S,91D-8M-53.91S
2023,188011,0,60D-32M-42.42S,145D-42M-54.49S
2023,188012,0,40D-35M-57.91S,83D-34M-5.53S
2023,188013,0,39D-39M-6.38S,120D-27M-8.34S
2023,188014,1,46D-29M-30.58S,97D-1M-17.98S
2023,188015,1,44D-3M-3.32S,117D-47M-54.74S
2023,188016,1,39D-9M-55.38S,81D-33M-11.81S
2023,188017,1,38D-17M-56.93S,102D-44M-49.84S
2023,188018,1,46D-55M-24.33S,114D-22M-53.76S
2023,188019,0,36D-22M-10.25S,109D-37M-7.77S
2023,188020,0,38D-35M-59.65S,77D-25M-31.46S
2023,188021,0,39D-20M-7.87S,99D-16M-3.38S
2023,188022,1,40D-54M-4.42S,88D-40M-45.92S
2023,188023,1,43D-4M-22.01S,118D-25M-19.51S
2023,188024,1,44D-47M-48.65S,85D-44M-21.29S
2023,188025,1,56D-49M-49.08S,132D-55M-17.46S
2023,188026,0,32D-2M-19.6S,110D-18M-41.1S
2023,188027,0,37D-19M-19.9S,88D-57M-29.17S
2023,188028,1,31D-34M-52.63S,95D-15M-10.33S
2023,188029,1,50D-3M-7.94S,98D-26M-12.38S
2023,188030,0,41D-16M-56.5S,72D-28M-6.76S
2023,188031,1,30D-46M-35.11S,92D-28M-53.45S
2023,188032,0,34D-23M-59.11S,94D-39M-55.72S
2023,188033,0,43D-50M-55.15S,98D-39M-2.66S
2023,188034,1,35D-23M-45.9S,88D-32M-51.96S
2023,188035,1,24D-35M-34.02S,81D-35M-38.76S
2023,188036,0,36D-32M-27.99S,84D-19M-23.36S
2023,188037,1,60D-9M-12.83S,132D-36M-28.9S
2023,188038,1,47D-4M-21.38S,99D-38M-21.85S
2023,188039,0,34D-0M-0.14S,119D-41M-44.47S
2023,188040,0,46D-17M-36.77S,124D-5M-58.89S
2023,188041,1,39D-37M-57.15S,123D-17M-58.46S
2023,188042,0,31D-11M-10.27S,94D-51M-0.28S
2023,188043,0,34D-15M-17.98S,117D-3M-7.02S
2023,188044,0,32D-34M-35.52S,105D-35M-18.5S
2023,188045,1,39D-12M-20.68S,123D-22M-21.66S
2023,188046,1,41D-3M-37.05S,79D-50M-8.78S
2023,188047,1,30D-16M-35.52S,92D-57M-3.1S
2023,188048,0,48D-49M-0.96S,124D-2M-44.3S
2023,188049,0,38D-55M-12.8S,86D-10M-3.93S
2023,188050,1,55D-22M-3.8S,112D-37M-4.99S
2023,188051,1,47D-31M-26.25S,96D-38M-44.3S
2023,188052,1,31D-33M-59.27S,95D-51M-43.26S
2023,188116,0,62D-55M-26.09S,141D-33M-4.05S
2023,188127,0,36D-26M-44.87S,100D-44M-57.56S
2023,188133,0,39D-8M-59.32S,111D-29M-10.61S
2023,188134,0,45D-28M-16.75S,76D-7M-33.9S
2023,188135,1,44D-18M-34.63S,81D-13M-11.95S
2023,188900,1,42D-13M-54.23S,123D-4M-45.54S
2023,188901,0,40D-56M-50.58S,89D-48M-24.76S
2023,188902,0,41D-28M-16.04S,77D-16M-6.89S
2023,188903,0,33D-31M-39.14S,82D-13M-54.21S
2023,188904,1,28D-37M-43.1S,96D-12M-27.26S
2023,188905,1,44D-48M-37.79S,117D-29M-30.9S
2023,188906,0,33D-10M-13.55S,85D-55M-25.74S
2023,188907,0,60D-24M-42.19S,149D-42M-49.37S
2023,188908,0,43D-31M-43.33S,112D-39M-34.94S
2023,188909,1,25D-12M-15.8S,80D-21M-42.34S
2023,188910,0,55D-9M-31.85S,127D-55M-2.27S
2023,188911,0,46D-15M-34.94S,88D-45M-41.89S
2023,188912,0,37D-32M-36.8S,75D-40M-9.55S
2023,188913,0,45D-42M-34.29S,114D-38M-14.15S
2023,188914,1,35D-30M-7.54S,81D-27M-24.55S
2023,188915,0,29D-41M-42.35S,89D-53M-1.55S
2023,188916,0,42D-58M-28.4S,78D-45M-8.33S
2023,188917,1,60D-19M-55.76S,137D-21M-34.66S
2023,188918,1,59D-34M-21.16S,151D-20M-17.94S
2023,188919,0,30D-43M-32.48S,97D-28M-33.87S
2023,188920,0,46D-28M-1.91S,83D-16M-3.99S
2023,188921,1,28D-35M-58.86S,99D-12M-28.1S
2023,188922,0,42D-2M-52.84S,76D-2M-50.72S
2023,188923,0,47D-52M-55.56S,116D-10M-40.66S
2023,188924,0,37D-4M-13.82S,88D-31M-56.35S
2023,189001,1,59D-31M-5.46S,139D-17M-8.32S
2023,189002,0,41D-39M-38.08S,84D-31M-9.75S
2023,189003,1,44D-8M-19.03S,105D-51M-2.16S
2023,189004,1,47D-28M-19.6S,81D-50M-32.68S
2023,189005,0,39D-35M-3.72S,81D-34M-41.12S
2023,189006,0,41D-36M-45.45S,119D-19M-23.09S
2023,189007,0,50D-18M-44.95S,101D-3M-4S
2023,189008,0,45D-46M-48.58S,64D-55M-10.69S
2023,189009,0,34D-9M-4.88S,87D-46M-23.31S
2023,189010,0,42D-0M-9.48S,71D-7M-56.88S
2023,189011,1,47D-14M-2.58S,73D-38M-3.51S
2023,189012,1,37D-4M-7.06S,113D-46M-15.47S
2023,189013,0,31D-11M-5.14S,93D-30M-29.36S
2023,189014,0,50D-18M-1.14S,63D-44M-18.62S
2023,189015,0,42D-57M-2.29S,71D-5M-15.94S
2023,189016,0,39D-52M-11.69S,103D-40M-50.02S
2023,189017,0,44D-59M-37.83S,100D-1M-59.04S
2023,189018,1,34D-28M-6.48S,103D-29M-33.81S
2023,189019,0,35D-54M-15.32S,83D-55M-38.63S
2023,189020,0,45D-44M-3.39S,97D-43M-28.41S
2023,189021,0,62D-50M-15.36S,156D-40M-38.48S
2023,189022,0,43D-53M-15.99S,80D-38M-9.92S
2023,189023,0,39D-25M-55.42S,108D-47M-21.2S
2023,189024,0,46D-54M-47.03S,67D-56M-48.91S
2023,189025,1,42D-32M-40.31S,95D-52M-11.17S
2023,189026,0,44D-13M-47.77S,103D-39M-30.33S
2023,189027,1,47D-47M-6.45S,70D-12M-27.84S
2023,189028,0,56D-5M-21.84S,121D-57M-15.15S
2023,189029,1,39D-27M-45.48S,108D-57M-47.47S
2023,189030,1,42D-37M-19.19S,118D-36M-17.69S
2023,189031,0,50D-4M-55.57S,96D-36M-19.2S
2023,189032,1,37D-45M-27.33S,92D-3M-42.59S
2023,189033,0,49D-22M-8.07S,112D-38M-30.37S
2023,189034,1,42D-10M-14.68S,106D-30M-54.83S
2023,189035,0,31D-1M-57.28S,93D-11M-19.8S
2023,189036,0,40D-40M-33S,75D-6M-31.55S
2023,189037,0,29D-58M-21.23S,93D-38M-3.39S
2023,189038,0,40D-55M-26.67S,80D-9M-9.76S
2023,189039,0,40D-5M-49.14S,101D-44M-32.76S
2023,189040,0,28D-44M-53.2S,80D-52M-8.17S
2023,189041,0,35D-20M-3.28S,86D-40M-56.87S
2023,189042,1,45D-33M-39.06S,67D-41M-24.63S
2023,189043,0,36D-54M-44.63S,111D-27M-11.74S
2023,189044,0,33D-19M-41.42S,86D-9M-58.86S
2023,189045,0,42D-43M-8.08S,77D-36M-36.15S
2023,189046,1,46D-33M-54.12S,68D-23M-44.35S
2023,189047,0,38D-10M-3.94S,109D-22M-0.91S
2023,189048,1,41D-55M-55.42S,117D-8M-10.07S
2023,189049,0,53D-11M-11.26S,132D-9M-5.32S
2023,189050,0,41D-39M-10.13S,76D-17M-8.75S
2023,189051,0,34D-53M-21.52S,78D-31M-23.51S
2023,189052,0,46D-20M-1.23S,110D-3M-3.33S
2023,189053,0,58D-38M-48.8S,93D-47M-42.59S
2023,189054,0,28D-12M-39.75S,100D-4M-19.27S
2023,189055,0,47D-45M-20.6S,90D-55M-23.78S
2023,189056,0,31D-55M-3.69S,83D-34M-29.77S
2023,189057,1,44D-52M-35.15S,77D-51M-33.09S
2023,189058,0,34D-28M-7.94S,79D-12M-59.49S
2023,189059,0,28D-31M-53.53S,98D-7M-41.89S
2023,189060,0,36D-49M-6.69S,118D-58M-30.35S
2023,189061,1,42D-39M-0.15S,71D-38M-25.65S
2023,189062,0,38D-28M-12.01S,76D-15M-4.36S
2023,189063,1,36D-53M-50.7S,120D-47M-39.95S
2023,189064,0,31D-59M-3.77S,93D-26M-26.28S
2023,189065,1,39D-46M-10.7S,74D-34M-59S
2023,189066,0,32D-13M-12.48S,82D-29M-22.39S
2023,189067,0,50D-23M-22.18S,112D-1M-54.72S
2023,189068,1,32D-51M-46.65S,91D-15M-59.51S
2023,189069,0,30D-9M-8.65S,93D-35M-58.17S
2023,189070,0,49D-18M-21.96S,88D-18M-32.1S
2023,189071,0,54D-35M-13.84S,101D-21M-16.25S
2023,189072,1,31D-42M-26.03S,90D-54M-31.75S
2023,189073,0,41D-56M-32.17S,88D-11M-4.93S
2023,189074,1,43D-10M-31.31S,77D-57M-57.97S
2023,189075,0,64D-42M-0.83S,157D-7M-14.28S
2023,189076,0,50D-31M-40.68S,114D-17M-36.97S
2023,189077,1,40D-5M-35.66S,81D-56M-0.19S
2023,189078,0,37D-16M-15.77S,77D-51M-54.05S
2023,189079,0,46D-51M-36.25S,77D-22M-44.15S
2023,189080,1,51D-25M-43.31S,121D-57M-51.87S
2023,189081,1,61D-15M-4.61S,149D-34M-37.14S
2023,189082,1,38D-47M-38.09S,114D-33M-7.99S
2023,189083,1,31D-34M-13.1S,92D-57M-34.26S
2023,189084,1,36D-11M-10.19S,83D-31M-4.94S
2023,189111,1,38D-1M-59.65S,81D-3M-0.95S
2023,189113,0,31D-23M-45.52S,81D-40M-26.76S
2023,189133,0,46D-33M-43.69S,68D-46M-4.29S
2023,189145,0,46D-19M-32.66S,74D-17M-48.36S
2023,189147,0,31D-16M-18.8S,88D-25M-18.5S
2023,189152,1,45D-47M-50.78S,92D-0M-14.05S
2023,189162,1,45D-55M-29.32S,86D-41M-42.75S
2023,189164,1,25D-22M-52.58S,80D-29M-2.81S
2023,189183,1,49D-5M-12.34S,65D-17M-22.47S
2023,189262,0,27D-18M-19.2S,81D-23M-20.52S
2023,189900,0,39D-54M-29.5S,76D-45M-25.74S
2023,189901,1,38D-44M-45.81S,120D-47M-15.8S
2023,189902,1,46D-59M-22.79S,64D-0M-13.77S
2023,189903,1,49D-20M-2S,99D-55M-36.84S
2023,189904,0,42D-30M-47.88S,83D-51M-37.98S
2023,189905,0,41D-4M-24.86S,74D-15M-37.88S
2023,189906,1,56D-13M-21.81S,133D-9M-15S
2023,189907,0,37D-46M-16.33S,111D-42M-22.86S
2023,189908,0,31D-8M-49.76S,98D-2M-53.14S
2023,189909,1,38D-44M-11.73S,120D-34M-15.85S
2023,189910,1,30D-21M-31.59S,99D-11M-36.74S
2023,189950,1,32D-0M-18.71S,89D-14M-38.68S
2023,189951,0,29D-59M-25.16S,84D-54M-13.12S
2023,190001,1,44D-17M-33.57S,95D-37M-44.11S
2023,190002,1,39D-22M-31.37S,88D-16M-46.53S
2023,190003,0,33D-22M-59.45S,96D-4M-40.88S
2023,190004,0,34D-25M-13.79S,87D-23M-19.29S
2023,190005,0,34D-42M-9.82S,118D-37M-16.28S
2023,190006,0,38D-57M-2.81S,85D-9M-31.01S
2023,190007,0,40D-1M-4.29S,112D-27M-42.57S
2023,190008,1,55D-46M-23.98S,128D-51M-31.81S
2023,190009,0,42D-49M-9.49S,80D-53M-4.88S
2023,190010,0,33D-50M-42.06S,86D-10M-31.53S
2023,190011,1,35D-32M-28.29S,83D-42M-40.3S
2023,190012,1,34D-7M-55.58S,80D-39M-23.22S
2023,190013,1,43D-30M-2.51S,91D-19M-20.97S
2023,190014,1,40D-15M-32.57S,81D-31M-3.46S
2023,190015,0,30D-50M-1.65S,93D-19M-3.91S
2023,190016,0,51D-11M-12.93S,103D-40M-26.08S
2023,190017,0,30D-16M-21.32S,90D-56M-4.61S
2023,190019,0,53D-27M-7.05S,103D-50M-43.42S
2023,190020,0,46D-9M-12.12S,99D-28M-54.3S
2023,190021,0,35D-21M-10.34S,98D-23M-59.11S
2023,190022,1,31D-1M-9.76S,82D-21M-59.48S
2023,190023,0,29D-33M-14.84S,82D-18M-3.89S
2023,190024,1,50D-56M-33.81S,112D-9M-6.91S
2023,190025,0,53D-59M-51.02S,110D-58M-53.18S
2023,190026,1,32D-45M-43.41S,96D-1M-3.07S
2023,190027,0,36D-7M-0.5S,118D-52M-54.43S
2023,190028,1,38D-12M-40.54S,78D-40M-53.03S
2023,190029,0,26D-48M-6.29S,98D-5M-0.75S
2023,190030,0,39D-20M-23.63S,79D-19M-13.86S
2023,190031,0,53D-2M-37.39S,114D-10M-3.14S
2023,190032,0,67D-48M-23.3S,149D-46M-40.51S
2023,190033,1,40D-1M-35.97S,82D-3M-58.65S
2023,190034,0,34D-30M-21.46S,106D-11M-1.12S
2023,190035,0,32D-23M-3.38S,93D-30M-25.34S
2023,190036,1,41D-44M-4.37S,105D-21M-49.21S
2023,190037,1,52D-47M-57.52S,115D-32M-36.48S
2023,190038,1,37D-49M-0.79S,85D-58M-40.17S
2023,190039,0,36D-5M-55.93S,105D-48M-33.68S
2023,190040,1,41D-59M-4.3S,79D-15M-31.81S
2023,190041,0,48D-16M-35.44S,79D-51M-1.54S
2023,190042,0,36D-26M-19.27S,107D-29M-36.92S
2023,190043,0,39D-31M-27.7S,77D-2M-51.49S
2023,190044,1,48D-0M-27.66S,65D-40M-44.44S
2023,190045,0,42D-44M-26.28S,74D-12M-8S
2023,190046,0,46D-11M-39.27S,90D-23M-54.55S
2023,190047,0,36D-53M-21.31S,81D-57M-26.77S
2023,190048,1,24D-58M-26.16S,80D-35M-28.16S
2023,190049,1,43D-33M-17.13S,90D-53M-52.68S
2023,190050,1,38D-32M-42.64S,113D-40M-56.14S
2023,190051,0,39D-34M-36.55S,87D-9M-4.76S
2023,190052,1,46D-3M-36.37S,122D-26M-50.51S
2023,190053,0,38D-47M-25.66S,75D-53M-37.36S
2023,190112,0,38D-41M-7.07S,82D-37M-55.98S
2023,190132,0,42D-38M-6.71S,88D-2M-0.05S
2023,190140,0,40D-16M-19.59S,108D-34M-41.07S
2023,190147,0,39D-9M-0.27S,120D-47M-48.19S
2023,190149,0,35D-23M-40.58S,81D-23M-14.06S
2023,190150,0,31D-38M-20.59S,109D-28M-46S
2023,190901,0,37D-5M-24.3S,80D-42M-40.76S
2023,190902,0,46D-0M-57.53S,73D-51M-56.37S
2023,190903,0,40D-18M-29.21S,81D-35M-39.45S
2023,191001,0,39D-26M-19.57S,90D-10M-15.67S
2023,191002,0,36D-39M-24.7S,98D-59M-6.12S
2023,191003,0,41D-9M-59.66S,71D-34M-8.08S
2023,191004,1,40D-50M-6.59S,80D-4M-7.8S
2023,191005,1,29D-42M-7.4S,94D-10M-13.9S
2023,191006,0,47D-38M-10.13S,64D-49M-27.87S
2023,191007,0,31D-58M-31.3S,91D-27M-6S
2023,191008,0,31D-37M-7.78S,93D-55M-13.08S
2023,191009,0,45D-16M-54.74S,94D-52M-11.95S
2023,191010,1,64D-33M-50.41S,147D-42M-20.41S
2023,191011,1,42D-12M-0.57S,91D-43M-43.01S
2023,191012,0,53D-24M-42.66S,117D-40M-8.81S
2023,191013,0,47D-51M-57.97S,83D-25M-51.21S
2023,191014,0,62D-32M-32.83S,113D-50M-42.74S
2023,191015,0,44D-44M-11.81S,70D-51M-50.04S
2023,191016,1,46D-58M-19.29S,79D-48M-41.92S
2023,191017,1,50D-8M-12.99S,98D-36M-37.34S
2023,191018,0,44D-27M-27.08S,120D-7M-21.47S
2023,191019,1,52D-24M-12.26S,126D-29M-38.31S
2023,191020,0,35D-49M-58.21S,81D-32M-47.39S
2023,191021,1,34D-36M-50.92S,80D-47M-32.23S
2023,191022,0,50D-3M-45.3S,113D-25M-17.06S
2023,191023,1,44D-51M-34.28S,83D-36M-29.25S
2023,191024,1,39D-53M-19.66S,96D-53M-26.08S
2023,191025,1,40D-13M-30.87S,97D-33M-27.01S
2023,191026,1,37D-35M-12.32S,86D-11M-54.4S
2023,191027,0,40D-55M-24.9S,90D-2M-14.56S
2023,191028,0,43D-55M-48.07S,114D-47M-38.96S
2023,191029,0,43D-25M-7.8S,124D-12M-52.83S
2023,191030,0,48D-6M-40.35S,121D-23M-59.8S
2023,191031,0,37D-15M-29.86S,97D-14M-4.87S
2023,191032,1,31D-44M-13.91S,103D-34M-59.58S
2023,191033,0,45D-14M-47.53S,118D-53M-36.87S
2023,191034,1,48D-40M-54.82S,85D-50M-11.43S
2023,191035,0,40D-3M-46.87S,107D-52M-12.81S
2023,191036,0,40D-3M-59.36S,77D-4M-45.52S
2023,191037,0,42D-34M-16.6S,74D-6M-21.78S
2023,191038,0,38D-58M-6.08S,110D-10M-24.8S
2023,191039,0,33D-17M-5.67S,112D-56M-34.89S
2023,191040,0,38D-38M-45.32S,77D-35M-17.2S
2023,191041,1,41D-33M-18.18S,111D-34M-4.24S
2023,191042,0,41D-26M-17.38S,122D-39M-19.63S
2023,191043,0,43D-2M-29.82S,73D-31M-15.6S
2023,191044,0,29D-43M-4.17S,91D-13M-50.06S
2023,191045,1,35D-19M-43.62S,116D-56M-14.23S
2023,191046,0,46D-16M-20.44S,118D-8M-16.59S
2023,191047,1,40D-6M-55.78S,76D-30M-2.54S
2023,191048,0,37D-54M-30.13S,91D-27M-23.81S
2023,191049,1,47D-24M-49.53S,61D-54M-57.73S
2023,191050,1,41D-17M-6.26S,86D-34M-21.57S
2023,191051,1,44D-7M-0.91S,71D-22M-15.96S
2023,191052,1,37D-18M-16.86S,81D-10M-17.2S
2023,191053,0,40D-2M-46.42S,85D-33M-53.8S
2023,191054,1,39D-11M-58.51S,114D-29M-31.78S
2023,191055,1,50D-46M-44.81S,111D-58M-49.7S
2023,191056,0,31D-13M-32.93S,102D-17M-34.31S
2023,191057,0,48D-21M-2.53S,120D-12M-16.33S
2023,191058,1,39D-43M-8.78S,120D-13M-57.68S
2023,191059,0,39D-33M-31.81S,116D-27M-7.83S
2023,191060,0,41D-20M-4.68S,102D-58M-21.2S
2023,191061,1,50D-37M-0.26S,96D-19M-58.8S
2023,191062,0,40D-50M-50.03S,74D-7M-50.68S
2023,191063,1,48D-15M-4.39S,121D-12M-30.78S
2023,191064,1,35D-15M-6.83S,103D-50M-38.84S
2023,191065,0,38D-38M-37.36S,105D-47M-6.98S
2023,191066,0,47D-8M-36.37S,118D-6M-20.22S
2023,191067,0,47D-32M-40.79S,69D-25M-28.3S
2023,191068,0,42D-26M-25S,74D-10M-16.16S
2023,191069,1,51D-58M-54.56S,121D-29M-39.87S
2023,191070,0,27D-21M-30.88S,97D-41M-46.46S
2023,191118,1,46D-30M-28.92S,117D-25M-55.99S
2023,191137,1,48D-46M-50.3S,67D-26M-31.28S
2023,191167,0,51D-23M-9.64S,113D-9M-9.17S
2023,191301,1,44D-7M-40.59S,69D-15M-1.24S
2023,191302,1,32D-0M-54.38S,92D-23M-45.85S
2023,191303,0,55D-29M-59.08S,116D-44M-9.49S
2023,191304,0,40D-3M-16.86S,122D-44M-49.47S
2023,191305,0,29D-33M-27.26S,90D-25M-30.21S
2023,191306,0,43D-13M-48.35S,106D-52M-50.06S
2023,191307,0,51D-22M-46.54S,114D-16M-21.61S
2023,191308,1,46D-22M-21.41S,75D-49M-34.73S
2023,191309,1,30D-4M-46.17S,91D-50M-27.1S
2023,191310,0,51D-59M-53.16S,124D-22M-59.61S
2023,191311,0,49D-26M-30.47S,86D-10M-59.2S
2023,191312,0,44D-37M-40.11S,121D-3M-29.4S
2023,191313,1,41D-57M-15.48S,72D-8M-31.83S
2023,191314,0,55D-8M-23.86S,119D-13M-38.29S
2023,191315,1,42D-8M-52.75S,120D-56M-28.85S
2023,191316,0,40D-29M-35.88S,123D-4M-40.43S
2023,191317,1,33D-22M-59.52S,93D-29M-27.85S
2023,191318,0,47D-55M-21.26S,66D-13M-53.14S
2023,191319,1,55D-42M-43.41S,118D-23M-43.96S
2023,191320,0,36D-15M-6.93S,77D-59M-44.76S
2023,191321,0,53D-51M-51.35S,73D-28M-10.3S
2023,191322,0,38D-16M-7.58S,120D-44M-31.76S
2023,192001,0,44D-43M-44.26S,122D-46M-23.54S
2023,192002,0,61D-48M-32.98S,145D-12M-9.55S
2023,192003,0,33D-41M-45.13S,88D-11M-50.99S
2023,192004,0,45D-48M-8.55S,60D-38M-2.05S
2023,192005,1,49D-43M-35.99S,94D-15M-58.77S
2023,192006,1,49D-52M-23.41S,93D-9M-17.91S
2023,192007,0,49D-22M-41.32S,96D-51M-10.25S
2023,192008,0,42D-6M-45.8S,73D-25M-14.61S
2023,192009,0,44D-18M-45S,80D-18M-24.51S
2023,192010,0,52D-26M-32.94S,114D-21M-43.6S
2023,192011,1,38D-54M-47.59S,100D-14M-16.46S
2023,192012,1,37D-19M-5.28S,112D-27M-51.99S
2023,192013,0,44D-0M-45.34S,102D-28M-5.94S
2023,192014,0,38D-15M-36.1S,102D-13M-59.39S
2023,192015,0,31D-27M-26.09S,91D-22M-41.15S
2023,192016,0,41D-42M-15.69S,86D-56M-49.66S
2023,192017,1,46D-3M-58.15S,91D-48M-24.41S
2023,192018,0,47D-45M-55.53S,77D-18M-42.77S
2023,192019,1,54D-58M-41.64S,105D-22M-16.05S
2023,192020,1,39D-23M-13.28S,75D-21M-0.26S
2023,192021,0,48D-46M-4.78S,114D-16M-49.07S
2023,192022,0,35D-10M-34.57S,95D-47M-2.23S
2023,192023,1,55D-50M-24.17S,118D-28M-47.75S
2023,192024,0,31D-44M-11.16S,91D-35M-21.9S
2023,192025,0,42D-47M-56.85S,77D-16M-34.98S
2023,192026,0,29D-32M-7.57S,99D-32M-18.23S
2023,192027,0,50D-54M-9.63S,101D-34M-46.32S
2023,192028,0,38D-1M-41.03S,77D-35M-59.48S
2023,192029,0,38D-28M-49.38S,83D-5M-3.93S
2023,192030,0,45D-47M-19.11S,74D-41M-29.56S
2023,192031,0,30D-35M-29.52S,84D-2M-55.94S
2023,192032,0,31D-48M-46.45S,95D-52M-1.65S
2023,192033,1,33D-24M-9.95S,116D-48M-4.27S
2023,192035,1,43D-27M-9.4S,88D-45M-54.92S
2023,192036,1,36D-23M-55.77S,102D-54M-18.25S
2023,192037,0,44D-10M-46.91S,106D-17M-9.92S
2023,192038,1,45D-10M-45.76S,95D-46M-51.63S
2023,192039,0,54D-17M-16.71S,128D-29M-0.61S
2023,192040,1,39D-25M-4.16S,78D-8M-19.3S
2023,192041,0,34D-12M-28.23S,86D-29M-12.44S
2023,192042,1,46D-19M-12.64S,71D-47M-30.48S
2023,192043,0,44D-24M-16.97S,90D-39M-46.96S
2023,192044,0,60D-56M-18.37S,137D-53M-41.88S
2023,192045,0,38D-11M-20.3S,119D-12M-16.14S
2023,192046,0,35D-50M-19.44S,75D-54M-56.61S
2023,192047,0,63D-40M-44.27S,157D-42M-33.27S
2023,192048,0,37D-45M-11.1S,82D-51M-2.92S
2023,192049,1,45D-38M-26.02S,90D-12M-41.16S
2023,192050,0,39D-58M-4.83S,87D-21M-36.68S
2023,192051,1,40D-15M-5.38S,124D-8M-39.01S
2023,192052,0,34D-23M-17.27S,117D-41M-55.79S
2023,192053,1,42D-47M-6.64S,87D-59M-51.69S
2023,192055,1,44D-23M-24.77S,100D-30M-41.02S
2023,192056,0,50D-48M-58.25S,111D-6M-16.9S
2023,192057,1,47D-17M-42.4S,84D-27M-54.38S
2023,192058,0,37D-20M-51.44S,104D-35M-29.5S
2023,192059,0,44D-32M-42.85S,76D-40M-10.9S
2023,192060,0,53D-30M-51.02S,110D-48M-46.6S
2023,192061,1,44D-50M-40.08S,76D-21M-58.71S
2023,192062,1,39D-52M-25.44S,79D-31M-33.16S
2023,192063,0,41D-51M-10.14S,119D-40M-33.27S
2023,192064,0,29D-10M-53.72S,82D-24M-17.35S
2023,192065,0,47D-16M-28.73S,68D-42M-40.01S
2023,192066,0,29D-55M-52.74S,94D-7M-36.02S
2023,192067,0,51D-43M-6.67S,117D-32M-37.63S
2023,192068,0,44D-9M-10.67S,74D-57M-4.89S
2023,192069,0,29D-49M-35.02S,90D-53M-53.99S
2023,192070,1,46D-27M-1.81S,95D-58M-17.85S
2023,192071,0,39D-2M-48.07S,75D-28M-9.09S
2023,192072,0,42D-40M-45.66S,119D-42M-5.84S
2023,192073,1,30D-23M-12.27S,85D-18M-6.62S
2023,192074,1,45D-39M-6.49S,63D-55M-6.83S
2023,192075,0,48D-44M-19.43S,77D-45M-29.61S
2023,192076,1,30D-54M-48.47S,92D-25M-55.87S
2023,192077,1,45D-46M-22.25S,89D-30M-16.48S
2023,192078,0,43D-21M-1.46S,84D-7M-33.8S
2023,192079,0,37D-35M-33.05S,85D-45M-28.38S
2023,192080,1,33D-6M-12.76S,83D-49M-35.28S
2023,192081,1,45D-52M-19.8S,64D-19M-14.56S
2023,192082,0,49D-47M-59.21S,124D-9M-22.73S
2023,192083,0,34D-48M-43.57S,106D-40M-42.56S
2023,192084,1,51D-11M-12.41S,112D-18M-24.48S
2023,192085,1,40D-38M-37.21S,82D-20M-7.05S
2023,192086,1,31D-55M-6.92S,82D-14M-33.52S
2023,192087,0,43D-46M-21.88S,81D-11M-51.41S
2023,192088,1,51D-55M-10.38S,108D-12M-55.98S
2023,192089,1,34D-44M-49.65S,115D-15M-17.9S
2023,192090,0,40D-42M-18.71S,77D-52M-19.42S
2023,192091,0,39D-45M-42.27S,107D-41M-1.4S
2023,192092,0,49D-15M-11.83S,101D-47M-42.83S
2023,192093,1,30D-15M-42.44S,88D-6M-52.3S
2023,192095,0,41D-24M-11.54S,93D-6M-27.24S
2023,192096,0,43D-57M-59.84S,79D-55M-56.75S
2023,192097,0,33D-8M-50.96S,104D-47M-42.33S
2023,192098,1,39D-39M-54.76S,107D-37M-36.97S
2023,192101,0,49D-13M-29.65S,64D-54M-50.58S
2023,192102,1,47D-20M-15.46S,70D-5M-29.99S
2023,192103,0,40D-22M-23.24S,114D-51M-52.49S
2023,192104,1,39D-36M-9.85S,79D-50M-52.47S
2023,192105,1,41D-34M-10.51S,109D-13M-6.73S
2023,192106,1,43D-20M-37.23S,122D-25M-5.05S
2023,192107,0,39D-16M-52.33S,121D-44M-3.16S
2023,192108,0,48D-16M-59.3S,66D-15M-20.49S
2023,192109,0,47D-49M-35.48S,71D-19M-4.89S
2023,192110,0,35D-11M-14.64S,79D-20M-21.78S
2023,192111,0,38D-55M-23.73S,91D-36M-32.27S
2023,192112,0,41D-52M-39.7S,72D-57M-15.53S
2023,192120,1,36D-37M-18.01S,77D-17M-8.36S
2023,192123,0,35D-38M-20.01S,92D-43M-18.59S
2023,192147,1,40D-51M-58.93S,85D-54M-58.69S
2023,192150,0,29D-19M-12.12S,81D-20M-26.15S
2023,192173,0,36D-53M-10.99S,97D-51M-6.83S
2023,192192,0,68D-13M-11.34S,133D-18M-28.74S
2023,192195,1,40D-17M-41.46S,88D-45M-48.16S
2023,192206,0,37D-44M-40.7S,80D-51M-40.45S
2023,192208,1,35D-26M-1.14S,107D-27M-44.33S
2023,192212,0,39D-6M-14.37S,88D-6M-26.14S
2023,192214,1,30D-56M-46.26S,88D-21M-27.78S
2023,192900,0,33D-56M-23.01S,92D-35M-0.84S
2023,192901,0,34D-19M-46.33S,86D-28M-47.78S
2023,192902,0,36D-29M-15.09S,111D-36M-19.24S
2023,193006,1,50D-42M-37.25S,57D-18M-59.76S
2023,193007,0,43D-34M-7.74S,95D-46M-8.15S
2023,193009,0,43D-48M-41.1S,108D-16M-8.07S
2023,193010,0,43D-18M-38.48S,99D-51M-16.24S
2023,193011,0,52D-32M-2.69S,102D-36M-35.53S
2023,193012,0,59D-58M-2.48S,111D-50M-27.28S
2023,193013,0,39D-29M-32.94S,112D-16M-55.51S
2023,193014,1,44D-5M-36.02S,74D-43M-30.58S
2023,193015,0,40D-9M-39.71S,120D-32M-7.32S
2023,193019,0,31D-23M-18.1S,100D-18M-16.58S
2023,193021,1,45D-51M-34.99S,97D-20M-12.78S
2023,193023,0,39D-16M-52.14S,75D-46M-14.66S
2023,193024,0,33D-32M-15.29S,83D-6M-55.64S
2023,193026,0,40D-39M-47.46S,81D-50M-16.13S
2023,193027,1,45D-1M-59.63S,99D-52M-7.89S
2023,193028,0,30D-39M-18.51S,92D-26M-24.7S
2023,193029,1,34D-56M-35.36S,76D-47M-52.01S
2023,193030,1,44D-19M-57.83S,116D-33M-53.58S
2023,193033,0,53D-14M-21.46S,110D-9M-56.26S
2023,193034,0,46D-34M-44.84S,73D-49M-28.54S
2023,193036,0,62D-28M-50.95S,114D-18M-38.96S
2023,193037,0,43D-57M-42.91S,99D-21M-45.98S
2023,193038,0,39D-59M-39.58S,77D-27M-46.3S
2023,193043,1,43D-28M-22.36S,107D-34M-22.63S
2023,193046,1,47D-17M-20.12S,70D-37M-9.55S
2023,193051,1,40D-38M-47.34S,122D-33M-59.15S
2023,193053,0,40D-4M-15.02S,115D-37M-38S
2023,193064,1,38D-11M-10.01S,112D-40M-17.12S
2023,193066,1,48D-26M-23.93S,101D-38M-2.2S
2023,193078,0,45D-3M-43.64S,122D-29M-38.73S
2023,193079,0,35D-8M-43.58S,115D-25M-38.67S
2023,193115,1,46D-17M-31.54S,87D-43M-14.71S
2023,193164,0,41D-11M-29.23S,105D-59M-48.16S
2023,193201,1,41D-44M-21.79S,72D-57M-33.05S
2023,193214,0,38D-35M-26.95S,75D-3M-59.22S
2023,193314,1,49D-9M-50.13S,120D-40M-47.37S